name,dir,xml75,encom75,mobius77,ag78,ag58,agree,distinct,tags
CM_11B_UNK,CM,0x011B,,,,,NA,1,
CM_ABYSS_LANDING,CM,,,,,0x0107,NA,1,ag58:5.4
CM_ABYSS_RANKING_LEGIONS,CM,0x0166,0x0183,0x0139,0x0139,0x0132,DIFF,4,encom75:7.5 KR|mobius77:7.5 EU|ag78:7.5 EU|ag58:5.4 EU
CM_ABYSS_RANKING_PLAYERS,CM,0x01A8,,0x0183,0x0183,0x0184,DIFF,3,mobius77:7.5 EU|ag78:7.5 EU|ag58:5.4 EU
CM_ACHIEVEMENT,CM,0x01E2,,,,,NA,1,
CM_ACHIEVEMENT_COMPLETE,CM,,,0x01E9,0x01E9,,FULL,1,mobius77:7.5 EU TODO|ag78:7.5 EU TODO
CM_ACHIEVEMENT_COMPLETE_EVENT,CM,,,0x03FE,0x03FE,,FULL,1,mobius77:7.5 TODO|ag78:7.5 TODO
CM_AETHERFORGING,CM,0x01E8,0x01D3,,,,DIFF,2,encom75:7.5 KR
CM_APPEARANCE,CM,0x018D,0x0188,,0x0181,0x018D,DIFF,3,encom75:7.5 KR|ag78:6.x old 0x18D|ag58:5.4
CM_ATREIAN_PASSPORT,CM,,,0x01CF,0x01CF,0x01B0,DIFF,2,mobius77:7.5 EU TODO|ag78:7.5 EU TODO|ag58:5.4
CM_ATTACK,CM,0x00FB,0x00F6,0x00F6,0x00F6,0x00FB,DIFF,2,encom75:7.5 KR|mobius77:7.5 EU|ag78:7.5 EU|ag58:5.4 EU
CM_AUTOMATIC_BERDIN_STAR,CM,,0x01D1,,,,NA,1,encom75:7.5 KR
CM_AUTOMATIC_GOLDENSTAR,CM,0x01EA,,0x01D1,0x01D1,0x01EA,DIFF,2,mobius77:7.5 EU|ag78:7.5 EU|ag58:5.6
CM_AUTO_GROUP,CM,0x0194,0x019F,0x019F,0x019F,0x0180,DIFF,3,encom75:7.5 KR|mobius77:7.5 EU|ag78:7.5 EU|ag58:5.4 EU
CM_BLOCK_ADD,CM,0x0162,0x0169,0x0169,0x0169,0x0162,DIFF,2,encom75:7.5 KR|mobius77:7.5 EU|ag78:7.5 EU|ag58:5.4 EU TODO
CM_BLOCK_DEL,CM,0x0163,0x017E,0x017E,0x017E,0x0163,DIFF,2,encom75:7.5 KR|mobius77:7.5 EU|ag78:7.5 EU|ag58:5.4 EU
CM_BLOCK_SET_REASON,CM,0x017F,0x017A,0x017F,0x017F,0x017F,DIFF,2,encom75:7.5 KR|mobius77:7.5 EU|ag78:7.5 EU|ag58:5.4 EU
CM_BONUS_TITLE,CM,0x01A1,0x01BC,0x00BC,0x00BC,0x01A1,DIFF,3,encom75:7.5 KR|mobius77:7.5 EU|ag78:7.5 EU|ag58:5.4 EU
CM_BREAK_WEAPONS,CM,0x01AB,0x01A6,0x01AB,0x01AB,0x01AB,DIFF,2,encom75:7.5 KR|mobius77:7.5 EU|ag78:7.5 EU|ag58:5.4
CM_BROKER_ADD_ITEM,CM,,,0x013D,0x013D,0x013D,FULL,1,mobius77:7.5 EU|ag78:7.5 EU|ag58:5.4 EU
CM_BROKER_CANCEL_REGISTERED,CM,0x014C,0x0157,0x0157,0x0157,0x0158,DIFF,3,encom75:7.5 KR|mobius77:7.5 EU|ag78:7.5 EU|ag58:5.4 EU
CM_BROKER_COLLECT_SOLD_ITEMS,CM,,0x0155,,,,NA,1,encom75:7.5 KR
CM_BROKER_LIST,CM,0x0147,0x0142,0x0142,0x0142,0x0147,DIFF,2,encom75:7.5 KR|mobius77:7.5 EU|ag78:7.5 EU|ag58:5.4 EU
CM_BROKER_REGISTERED,CM,,,0x0140,0x0140,0x0145,DIFF,2,mobius77:7.5 EU|ag78:7.5 EU|ag58:5.4 EU
CM_BROKER_REGISTERED_LIST,CM,0x0159,0x0140,,,,DIFF,2,encom75:7.5 KR
CM_BROKER_SEARCH,CM,0x0158,0x0143,0x0143,0x0143,0x0144,DIFF,3,encom75:7.5 KR|mobius77:7.5 EU|ag78:7.5 EU|ag58:5.4 EU
CM_BROKER_SETTLE_ACCOUNT,CM,0x014E,,0x0154,0x0154,0x014E,DIFF,2,mobius77:7.5 EU|ag78:7.5 EU|ag58:5.4 EU
CM_BROKER_SETTLE_LIST,CM,,,0x0138,0x0138,0x0159,DIFF,2,mobius77:7.5 EU|ag78:7.5 EU|ag58:5.4 EU
CM_BROKER_SOLD_LIST,CM,0x0159,0x0154,,,,DIFF,2,encom75:7.5 KR
CM_BROKER_START_REGISTER,CM,0x0131,0x0138,,,,DIFF,2,encom75:7.5 KR
CM_BUTLER_SALUTE,CM,,0x02FE,,,,NA,1,encom75:7.2 KR
CM_BUY_BROKER_ITEM,CM,0x015A,0x0141,0x0141,0x0141,0x015A,DIFF,2,encom75:7.5 KR|mobius77:7.5 EU|ag78:7.5 EU|ag58:5.4 EU
CM_BUY_ITEM,CM,0x02FE,0x0105,0x0105,0x0105,0x02FE,DIFF,2,encom75:7.5 KR|mobius77:7.5 EU|ag78:7.5 EU|ag58:5.6 EU
CM_BUY_TRADE_IN_TRADE,CM,0x0113,0x012E,0x012E,0x012E,0x0113,DIFF,2,encom75:7.5 KR|mobius77:7.5 EU|ag78:7.5 EU|ag58:5.6 (Machtkampf aufwertung)
CM_CAPTCHA,CM,,,,0x00C8,0x00C8,FULL,1,ag78:4.9|ag58:4.9
CM_CASTSPELL,CM,0x00CC,0x00F7,0x00F7,0x00F7,0x00F8,DIFF,3,encom75:7.5 KR|mobius77:7.5 EU|ag78:7.5 EU|ag58:5.4 EU
CM_CHALLENGE_ACCEPT,CM,0x1DC8,,,,,NA,1,
CM_CHALLENGE_CITY,CM,0x111BD,,,,,NA,1,
CM_CHALLENGE_LEGION,CM,0xF422,,,,,NA,1,
CM_CHALLENGE_LIST,CM,0x01B4,0x01BF,0x01BF,0x01BF,0x01A0,DIFF,3,encom75:7.5 KR|mobius77:7.5 EU|ag78:7.5 EU|ag58:5.4 EU
CM_CHANGE_CHANNEL,CM,0x0188,0x0188,0x0173,0x0173,0x0174,DIFF,3,mobius77:7.5 EU|ag78:7.5 EU|ag58:5.4
CM_CHARACTER_EDIT,CM,0x00C2,0x00C9,0x00C2,0x00C2,0x00C2,DIFF,2,encom75:7.5 KR|mobius77:7.5 EU|ag78:7.5 EU|ag58:5.3
CM_CHARACTER_LIST,CM,0x0159,0x0159,0x0159,0x0159,0x0152,DIFF,2,encom75:7.5 KR|mobius77:7.5 EU|ag78:7.5 EU|ag58:5.4 EU
CM_CHARACTER_PASSKEY,CM,0x019E,0x01A5,0x01A5,0x01A5,0x019E,DIFF,2,encom75:7.5 KR|mobius77:7.5 EU|ag78:7.5 EU|ag58:5.4 EU
CM_CHARGE_ITEM,CM,0x0115,0x02F9,0x02F9,0x02F9,0x0115,DIFF,2,mobius77:7.2 EU|ag78:7.2 EU|ag58:5.4
CM_CHARGE_SKILL,CM,0x01B6,0x01BD,,,,DIFF,2,encom75:7.5 KR
CM_CHAT_AUTH,CM,0x018A,0x0171,0x0171,0x0171,0x018A,DIFF,2,encom75:7.5 KR|mobius77:7.5 EU|ag78:7.5 EU|ag58:5.4 EU
CM_CHAT_GROUP_INFO,CM,0x0118,0x0128,0x0103,0x0103,0x0104,DIFF,4,encom75:7.2 KR|mobius77:7.5 EU|ag78:7.5 EU|ag58:5.4 EU
CM_CHAT_MESSAGE_PUBLIC,CM,0x00CA,0x00ED,0x00ED,0x00ED,0x00E6,DIFF,3,encom75:7.5 KR|mobius77:7.5 EU|ag78:7.5 EU|ag58:5.4 EU
CM_CHAT_MESSAGE_WHISPER,CM,0x00E7,0x00E2,0x00E2,0x00E2,0x00E7,DIFF,2,encom75:7.5 KR|mobius77:7.5 EU|ag78:7.5 EU|ag58:5.4 EU
CM_CHAT_PLAYER_INFO,CM,0x00E2,0x0137,0x00E9,0x00E9,0x00E2,DIFF,3,encom75:7.2 KR|mobius77:7.5 EU|ag78:7.5 EU|ag58:5.3 EU
CM_CHECK_MAIL_SIZE,CM,0x1004100,0x0148,0x0148,0x0148,0x014D,DIFF,3,encom75:7.5 KR|mobius77:7.5 EU|ag78:7.5 EU|ag58:5.4 EU
CM_CHECK_MAIL_SIZE2,CM,0x0191,,0x0198,0x0198,0x019D,DIFF,3,mobius77:7.5 EU|ag78:7.5 EU|ag58:5.4 EU
CM_CHECK_MAIL_SIZE_2,CM,,0x0198,,,,NA,1,encom75:7.5 KR
CM_CHECK_NICKNAME,CM,0x019D,0x0184,0x0184,0x0184,0x0189,DIFF,3,encom75:7.5 KR|mobius77:7.5 EU|ag78:7.5 EU|ag58:5.4 EU
CM_CLIENT_COMMAND_ROLL,CM,0x0137,0x0132,0x0132,0x0132,0x0137,DIFF,2,encom75:7.5 KR|mobius77:7.5 EU|ag78:7.5 EU|ag58:5.4 EU
CM_CLOSE_DIALOG,CM,0x02FC,0x02FB,0x02FB,0x02FB,0x02FC,DIFF,2,encom75:7.5 KR|mobius77:7.5 EU|ag78:7.5 EU|ag58:5.4 EU
CM_COLLECTION_REGISTER,CM,,0x03F2,,,,NA,1,encom75:7.7 KR
CM_COMBAT_SUPPORT,CM,,0x03FC,0x03FC,0x03FC,,FULL,1,encom75:7.5 KR|mobius77:7.7 EU TODO|ag78:7.7 EU TODO
CM_COMPLETE_ACHIEVEMENT,CM,,0x01E9,,,,NA,1,encom75:7.5 KR
CM_COMPLETE_ACHIEVEMENT_EVENT,CM,,0x03FE,,,,NA,1,encom75:7.5 KR
CM_COMPOSITE_STONES,CM,0x1AE8,0x01A8,,0x01AE,0x01AE,DIFF,3,ag78:4.9|ag58:4.9
CM_CRAFT,CM,,0x0150,0x0155,0x0155,0x0155,DIFF,2,encom75:7.5 KR|mobius77:5.4 EU removed?|ag78:5.4 EU removed?|ag58:5.4
CM_CREATE_CHARACTER,CM,0x0153,0x016E,0x016E,0x016E,0x0153,DIFF,2,encom75:7.5 KR|mobius77:7.5 EU|ag78:7.5 EU|ag58:5.4 EU
CM_CREATIVITY_POINTS,CM,,,,,0x0122,NA,1,ag58:5.4
CM_CUBE_EXPAND,CM,0x01C7,0x01C2,,,,DIFF,2,encom75:7.5 KR
CM_CUBIC,CM,,,0x01D8,0x01D8,,FULL,1,mobius77:7.5 EU TODO|ag78:7.5 EU TODO
CM_CUSTOM_SETTINGS,CM,0x00D7,0x00D2,0x00D2,0x00D2,0x00D7,DIFF,2,encom75:7.9 KR|mobius77:7.5 EU|ag78:7.5 EU|ag58:5.4 EU
CM_DAEVANION_SKILL_COMBINE,CM,,0x01EB,,,,NA,1,encom75:7.5 KR
CM_DAEVANION_SKILL_ENCHANT,CM,,0x01EA,0x01EA,0x01EA,,FULL,1,encom75:7.5 KR|mobius77:7.5 TODO|ag78:7.5 TODO
CM_DAEVANION_SKILL_FUSION,CM,,,0x01EB,0x01EB,,FULL,1,mobius77:7.5 TODO|ag78:7.5 TODO
CM_DELETE_CHARACTER,CM,0x0164,0x016F,0x016F,0x016F,0x0150,DIFF,3,encom75:7.5 KR|mobius77:7.5 EU|ag78:7.5 EU|ag58:5.4 EU
CM_DELETE_ITEM,CM,0x0160,0x013B,0x013B,0x013B,0x013C,DIFF,3,encom75:7.5 KR|mobius77:7.5 EU|ag78:7.5 EU|ag58:5.4 EU
CM_DELETE_MAIL,CM,0x0155,0x015C,0x015C,0x015C,0x0141,DIFF,3,encom75:7.5 KR|mobius77:7.5 EU|ag78:7.5 EU|ag58:5.4 EU
CM_DELETE_QUEST,CM,0x012B,0x0126,0x0126,0x0126,0x012B,DIFF,2,encom75:7.5 KR|mobius77:7.5 EU|ag78:7.5 EU|ag58:5.4 EU
CM_DIALOG_SELECT,CM,0x02F1,0x02F8,0x02F8,0x02F8,0x02FD,DIFF,3,encom75:7.5 KR|mobius77:7.5 EU|ag78:7.5 EU|ag58:5.4 EU
CM_DIRECT_ENTER_WORLD,CM,0x19D00,,,0x0187,0x019D,DIFF,3,ag78:7.2 EU|ag58:5.0
CM_DISTRIBUTION_SETTINGS,CM,0x0185,0x018C,0x018C,0x018C,0x0171,DIFF,3,encom75:7.5 KR|mobius77:7.5 EU|ag78:7.5 EU|ag58:5.4 EU
CM_DUEL_REQUEST,CM,0x013E,0x0145,0x0145,0x0145,0x013E,DIFF,2,encom75:7.5 KR|mobius77:7.5 EU|ag78:7.5 EU|ag58:5.4 EU
CM_EMOTION,CM,0x011A,0x02FD,0x02FD,0x02FD,0x02F6,DIFF,3,encom75:7.5 KR|mobius77:7.5 EU|ag78:7.5 EU|ag58:5.4 EU
CM_ENCHANMENT_STONES,CM,0x0115,0x011C,,,,DIFF,2,encom75:7.5 KR
CM_ENCHANTMENT_EXTRACTION,CM,0x01C0,0x01CB,0x01CB,0x01CB,0x01CC,DIFF,3,encom75:7.5 KR|mobius77:7.5 EU|ag78:7.5 EU|ag58:5.4
CM_ENTER_WORLD,CM,0x00B7,0x00DE,0x00DE,0x00DE,0x00C3,DIFF,3,encom75:7.5 KR|mobius77:7.5 EU|ag78:7.5 EU|ag58:5.4 EU
CM_EQUIPMENT_SETTING_SAVE,CM,,,0x01EE,0x01EE,0x01D2,DIFF,2,mobius77:7.5 TODO|ag78:7.5 TODO|ag58:5.6 TODO
CM_EQUIPMENT_SETTING_USE,CM,0x01E4,0x01EF,0x01EF,0x01EF,0x01D3,DIFF,3,encom75:7.5 KR|mobius77:7.5 TODO|ag78:7.5 TODO|ag58:5.6 TODO
CM_EQUIPMENT_SET_SETTING,CM,0x01D3,0x01EE,,,,DIFF,2,encom75:7.5 KR
CM_EQUIP_ITEM,CM,0x00D1,0x00E8,0x00E8,0x00E8,0x00ED,DIFF,3,encom75:7.5 KR|mobius77:7.5 EU|ag78:7.5 EU|ag58:5.4 EU
CM_EQUIP_STIGMA,CM,,0x01F5,,,,NA,1,encom75:7.5 KR
CM_EVERGALE_CANYON,CM,0x01E5,0x01EC,,,,DIFF,2,encom75:7.5 KR
CM_EXCHANGE_ADD_ITEM,CM,0x10001B,0x0116,0x0116,0x0116,0x011B,DIFF,3,encom75:7.2 KR|mobius77:7.5 EU|ag78:7.5 EU|ag58:5.4 EU
CM_EXCHANGE_ADD_KINAH,CM,,,0x0119,0x0119,0x0119,FULL,1,mobius77:5.4 EU|ag78:5.4 EU|ag58:5.4 EU
CM_EXCHANGE_CANCEL,CM,0x0100,0x010B,0x010B,0x010B,0x010C,DIFF,3,encom75:7.5 KR|mobius77:7.5 EU|ag78:7.5 EU|ag58:5.4 EU
CM_EXCHANGE_LOCK,CM,0x010E,0x0115,0x0115,0x0115,0x010E,DIFF,2,encom75:7.5 KR|mobius77:7.5 EU|ag78:7.5 EU|ag58:5.4 EU
CM_EXCHANGE_OK,CM,0x010F,0x010A,0x010A,0x010A,0x010F,DIFF,2,encom75:7.2 KR|mobius77:7.5 EU|ag78:7.5 EU|ag58:5.4 EU
CM_EXCHANGE_REQUEST,CM,0x011A,0x0101,0x0101,0x0101,0x011A,DIFF,2,encom75:7.5 KR|mobius77:7.5 EU|ag78:7.5 EU|ag58:5.4 EU
CM_EXPAND_CUBE,CM,,,0x01C2,0x01C2,0x01C7,DIFF,2,mobius77:7.5 EU|ag78:7.5 EU|ag58:5.4 EU
CM_FAST_TRACK,CM,,,,0x0191,0x0191,FULL,1,ag78:5.4|ag58:5.4
CM_FAST_TRACK_CHECK,CM,,,0x01AE,0x01AE,0x0193,DIFF,2,mobius77:7.5 EU|ag78:7.5 EU|ag58:5.4
CM_FAST_TRACK_MOVE,CM,,,,0x0190,0x0190,FULL,1,ag78:5.4 TODO|ag58:5.4 TODO
CM_FATIGUE_RECOVER,CM,,,,0x0135,0x0135,FULL,1,ag78:NEW 4.7|ag58:NEW 4.7
CM_FILE_VERIFY,CM,,,0x0100,0x0100,0x0105,DIFF,2,mobius77:7.5 EU|ag78:7.5 EU|ag58:5.3 EU
CM_FIND_GROUP,CM,0x0128,0x0113,0x0113,0x0113,0x0114,DIFF,3,encom75:7.5 KR|mobius77:7.5 EU|ag78:7.5 EU|ag58:5.4 EU
CM_FRIEND_ADD,CM,0x014B,0x0146,0x0146,0x0146,0x014B,DIFF,2,encom75:7.5 KR|mobius77:7.5 EU|ag78:7.5 EU|ag58:5.4 EU
CM_FRIEND_DEL,CM,0x0148,0x0147,0x0147,0x0147,0x0148,DIFF,2,encom75:7.5 KR|mobius77:7.5 EU|ag78:7.5 EU|ag58:5.4 EU
CM_FRIEND_EDIT,CM,0x01CB,0x01C6,0x01C6,0x01C6,0x01CB,DIFF,2,encom75:7.5 KR|mobius77:7.5 EU (Notiz Friendlist)|ag78:7.5 EU (Notiz Friendlist)|ag58:5.4 EU (NEW) (Notiz Friendlist)
CM_FRIEND_STATUS,CM,0x0176,0x017D,0x017D,0x017D,0x0176,DIFF,2,encom75:7.5 KR|mobius77:7.5 EU|ag78:7.5 EU|ag58:5.4 EU
CM_FUSION_WEAPONS,CM,,0x0191,0x0191,0x0191,0x01AA,DIFF,2,encom75:7.5 KR|mobius77:7.5 EU|ag78:7.5 EU|ag58:5.4
CM_GAMEGUARD,CM,,,0x013F,0x013F,0x0120,DIFF,2,mobius77:7.5 EU|ag78:7.5 EU|ag58:5.4
CM_GATHER,CM,0x00DE,0x00E5,0x00E5,0x00E5,0x00DE,DIFF,2,encom75:7.5 KR|mobius77:7.5 EU|ag78:7.5 EU|ag58:5.4 EU
CM_GET_HOUSE_BIDS,CM,0x01A6,0x01AD,0x01AD,0x01AD,0x01A6,DIFF,2,encom75:7.5 KR|mobius77:7.5 EU|ag78:7.5 EU|ag58:5.4 EU
CM_GET_MAIL_ATTACHMENT,CM,0x14012,0x015F,0x015F,0x015F,0x0140,DIFF,3,encom75:7.5 KR|mobius77:7.5 EU|ag78:7.5 EU|ag58:5.4 EU
CM_GF_WEBSHOP_TOKEN,CM,,,0x0122,0x0122,,FULL,1,mobius77:7.5 EU|ag78:7.5 EU
CM_GG,CM,0x013F,0x013F,,,,FULL,1,encom75:7.5 KR
CM_GM_BOOKMARK,CM,,0x02FC,0x02FF,0x02FF,0x00E0,DIFF,3,mobius77:7.x EU|ag78:7.x EU|ag58:5.4 EU
CM_GM_COMMAND_SEND,CM,,0x02FC,0x02FC,0x02FC,0x00E1,DIFF,2,mobius77:7.5 EU|ag78:7.5 EU|ag58:5.4 EU
CM_GM_PANEL,CM,,0x02FC,,,,NA,1,
CM_GROUP_DATA_EXCHANGE,CM,0x00B3,0x0111,0x0111,0x0111,0x012A,DIFF,3,encom75:7.5 KR|mobius77:7.5 EU|ag78:7.5 EU|ag58:5.4 EU
CM_GROUP_DISTRIBUTION,CM,0x0134,0x0133,,0x0134,0x0134,DIFF,2,encom75:7.5 KR|ag78:5.4 EU|ag58:5.4 EU
CM_GROUP_LOOT,CM,0x0184,0x018F,,0x0184,0x0170,DIFF,3,encom75:7.5 KR|ag78:6.x EU|ag58:5.6 EU
CM_GROUP_PLAYER_STATUS_INFO,CM,0x012C,0x0137,,,,DIFF,2,encom75:7.5 KR
CM_HOTSPOT_TELEPORT,CM,0x01B0,0x01BB,0x01BB,0x01BB,0x01BC,DIFF,3,encom75:7.5 KR|mobius77:7.5 EU|ag78:7.5 EU|ag58:5.4 EU
CM_HOT_SPECTATE,CM,,0x0172,,,,NA,1,
CM_HOUSE_DECORATE,CM,0x0116,0x0124,,0x02FA,0x0116,DIFF,3,encom75:7.2 KR|ag78:7.2 EU|ag58:5.3 EU
CM_HOUSE_EDIT,CM,0x011D,0x0124,0x0124,0x0124,0x0129,DIFF,3,encom75:7.5 KR|mobius77:7.5 EU|ag78:7.5 EU|ag58:5.4 EU
CM_HOUSE_KICK,CM,0x0103,0x011E,0x02F7,0x02F7,0x0103,DIFF,3,encom75:7.5 KR|mobius77:7.2 EU|ag78:7.2 EU|ag58:5.4 EU
CM_HOUSE_OPEN_DOOR,CM,0x01AE,0x01B5,,0x0192,0x01AE,DIFF,3,encom75:7.5 KR|ag78:7.2 EU|ag58:5.4 EU
CM_HOUSE_PAY_RENT,CM,0x01BB,0x01B6,0x018F,0x018F,0x01BB,DIFF,3,encom75:7.5 KR|mobius77:7.2 EU|ag78:7.2 EU|ag58:5.4 EU
CM_HOUSE_SCRIPT,CM,0x00F9,0x00E0,0x00E0,0x00E0,0x00E5,DIFF,3,encom75:7.5 KR|mobius77:7.5 EU|ag78:7.5 EU|ag58:5.4 EU
CM_HOUSE_SETTINGS,CM,0x0114,0x011F,0x0114,0x0114,0x0100,DIFF,3,encom75:7.5 KR|mobius77:7.5 EU|ag78:7.5 EU|ag58:5.4 EU
CM_HOUSE_TELEPORT,CM,0x01BA,0x01BA,0x01BA,0x01BA,0x01BA,FULL,1,encom75:7.5 KR|mobius77:7.5 EU|ag78:7.5 EU|ag58:5.4 EU
CM_HOUSE_TELEPORT_BACK,CM,0x013A,0x0121,,,0x013A,DIFF,2,encom75:7.5 KR|ag58:5.0
CM_INSTANCE_ENTRY,CM,,0x01CD,,,,NA,1,encom75:7.5 KR
CM_INSTANCE_INFO,CM,0x018C,0x0197,0x0197,0x0197,0x0198,DIFF,3,encom75:7.5 KR|mobius77:7.5 EU|ag78:7.5 EU|ag58:5.4 EU
CM_INSTANCE_LEAVE,CM,0x02F5,0x02F0,0x011F,0x011F,0x011F,DIFF,3,encom75:7.5 KR|mobius77:7.5 EU|ag78:7.5 EU|ag58:5.4 EU
CM_INTRUDER_SCAN,CM,0x018F,0x018B,0x018C,0x018C,0x018C,DIFF,3,encom75:7.5 KR|mobius77:5.4 EU|ag78:5.4 EU|ag58:5.4 EU
CM_INVITE_TO_GROUP,CM,,,0x0134,0x0134,0x0139,DIFF,2,mobius77:7.5 EU|ag78:7.5 EU|ag58:5.4 EU
CM_ITEM_REMODEL,CM,0x0125,0x012C,0x0125,0x0125,0x0111,DIFF,3,encom75:7.5 KR|mobius77:7.5 EU|ag78:7.5 EU|ag58:5.3
CM_ITEM_UPGRADE,CM,,,0x01CE,0x01CE,0x01B3,DIFF,2,mobius77:7.7 EU|ag78:7.7 EU|ag58:5.4 EU
CM_L2AUTH_LOGIN_CHECK,CM,0x0158,0x0158,0x0158,0x0158,0x015D,DIFF,2,encom75:7.5 KR|mobius77:7.5 EU|ag78:7.5 EU|ag58:5.4 EU
CM_LEGION,CM,0x0108,0x02F3,0x02F3,0x02F3,0x02F4,DIFF,3,encom75:7.5 KR|mobius77:7.5 EU|ag78:7.5 EU|ag58:5.4 EU
CM_LEGION_JOIN_CANCEL,CM,,0x01C1,,,,NA,1,encom75:7.5 KR
CM_LEGION_JOIN_REQUEST,CM,0x01D9,0x01C0,0x01D9,0x01D9,0x01C5,DIFF,3,encom75:7.5 KR|mobius77:7.5 EU|ag78:7.5 EU|ag58:5.4 EU
CM_LEGION_JOIN_REQUEST_CANCEL,CM,,,0x01DA,0x01DA,0x01DA,FULL,1,mobius77:5.4 EU|ag78:5.4 EU|ag58:5.4 EU
CM_LEGION_MODIFY_EMBLEM,CM,0x0106,0x010D,0x012A,0x012A,0x0106,DIFF,3,encom75:7.5 KR|mobius77:7.2 EU|ag78:7.2 EU|ag58:5.4 EU
CM_LEGION_SEARCH,CM,0x01D8,0x01C3,0x01C3,0x01C3,0x01C4,DIFF,3,encom75:7.5 KR|mobius77:7.5 EU|ag78:7.5 EU|ag58:5.4 EU
CM_LEGION_SEND_EMBLEM,CM,0x010A,0x00E6,0x00E6,0x00E6,0x010A,DIFF,2,encom75:7.5 KR|mobius77:7.5 EU|ag78:7.5 EU|ag58:5.4 EU
CM_LEGION_SEND_EMBLEM_INFO,CM,0x00EB,0x02F1,0x02F1,0x02F1,0x00EB,DIFF,2,encom75:7.5 KR|mobius77:7.5 EU|ag78:7.5 EU|ag58:5.3 TODO
CM_LEGION_TABS,CM,0x02F2,0x02F9,0x02F9,0x02F9,0x02F2,DIFF,2,encom75:7.5 KR|mobius77:7.5 EU|ag78:7.5 EU|ag58:5.4 EU (Legion Message) ?
CM_LEGION_UPLOAD_EMBLEM,CM,0x0179,0x0174,,0x014D,0x0179,DIFF,3,encom75:7.5 KR|ag78:7.2 EU|ag58:5.4 EU
CM_LEGION_UPLOAD_INFO,CM,0x0178,0x0177,,0x014C,0x0178,DIFF,3,encom75:7.5 KR|ag78:7.2 EU|ag58:5.4 EU
CM_LEGION_WH_KINAH,CM,,0x0117,0x0117,0x0117,0x0117,FULL,1,mobius77:7.5 EU|ag78:7.5 EU|ag58:5.4 EU
CM_LEVEL_READY,CM,0x01D6,0x00DF,0x00DF,0x00DF,0x00C0,DIFF,3,encom75:7.5 KR|mobius77:7.5 EU|ag78:7.5 EU|ag58:5.4 EU
CM_LOGIN_EVENT,CM,,0x01CF,,,,NA,1,encom75:7.5 KR
CM_LOOT_ITEM,CM,0x0167,0x0162,0x0162,0x0162,0x0167,DIFF,2,encom75:7.5 KR|mobius77:7.5 EU|ag78:7.5 EU|ag58:5.4 EU
CM_LUMIEL_TRANSFORM,CM,,0x03FD,0x03FD,0x03FD,,FULL,1,encom75:7.7 KR|mobius77:7.7 EU TODO|ag78:7.7 EU TODO
CM_LUNA_BUFF,CM,,0x01E1,,,,NA,1,encom75:7.5 KR
CM_LUNA_IDENTIFICATION,CM,,,0x01F6,0x01F6,,FULL,1,mobius77:7.5 EU|ag78:7.5 EU
CM_LUNA_INSTANCE_BUFF,CM,,,0x01E1,0x01E1,,FULL,1,mobius77:7.5 EU|ag78:7.5 EU
CM_LUNA_INSTANCE_ENTRY,CM,,,0x01CD,0x01CD,,FULL,1,mobius77:7.5 EU|ag78:7.5 EU
CM_LUNA_SHOP,CM,0x01C3,0x01DE,,,,DIFF,2,encom75:7.5 KR
CM_LUNA_SYSTEM,CM,,,0x01DE,0x01DE,0x01C3,DIFF,2,mobius77:7.5 EU|ag78:7.5 EU|ag58:5.6
CM_MACRO_CREATE,CM,0x018B,0x0186,0x0186,0x0186,0x018B,DIFF,2,encom75:7.2 KR|mobius77:7.5 EU|ag78:7.5 EU|ag58:5.4 EU
CM_MACRO_DELETE,CM,0x017C,0x0187,0x0187,0x0187,0x0188,DIFF,3,encom75:7.5 KR|mobius77:7.5 EU|ag78:7.5 EU|ag58:5.4 EU
CM_MAC_ADDRESS,CM,0x0180,0x0180,0x0180,0x0180,0x0185,DIFF,2,encom75:7.5 KR|mobius77:7.5 EU|ag78:7.5 EU|ag58:5.4 EU
CM_MAGIC_CRAFT,CM,,,0x01D3,0x01D3,0x01D4,DIFF,2,mobius77:7.5 EU|ag78:7.5 EU|ag58:5.6 TODO
CM_MAGIC_MORPH,CM,,,,,0x01D7,NA,1,ag58:5.6 TODO
CM_MAGIC_MORPH_WINDOW,CM,,,,,0x01DE,NA,1,ag58:5.6 TODO
CM_MANASTONE,CM,,,0x011C,0x011C,0x0101,DIFF,2,mobius77:7.5 EU|ag78:7.5 EU|ag58:5.4 EU
CM_MARK_FRIENDLIST,CM,0x014A,0x0131,0x014A,0x014A,0x014A,DIFF,2,encom75:7.5 KR|mobius77:7.5 EU|ag78:7.5 EU|ag58:5.4
CM_MAY_LOGIN_INTO_GAME,CM,0x01AA,0x018D,0x018D,0x018D,0x0186,DIFF,3,encom75:7.5 KR|mobius77:7.5 EU|ag78:7.5 EU|ag58:5.4 EU
CM_MAY_QUIT,CM,0x00CF,0x00CA,0x00CA,0x00CA,0x00CF,DIFF,2,encom75:7.5 KR|mobius77:7.5 EU|ag78:7.5 EU|ag58:5.4 EU
CM_MEGAPHONE,CM,0x01B5,,,0x01B5,0x01B5,FULL,1,ag78:5.4 EU|ag58:5.4 EU
CM_MEGAPHONE_MESSAGE,CM,,0x01B0,,,,NA,1,encom75:7.5 KR
CM_MINIONS,CM,0x01CA,0x01ED,0x01ED,0x01ED,0x01D1,DIFF,3,encom75:7.5 KR|mobius77:7.5 EU TODO|ag78:7.5 EU TODO|ag58:5.6 TODO
CM_MONSTER_BOOK_REWARD,CM,,,,,0x01DC,NA,1,ag58:5.6
CM_MONSTER_CORE,CM,0x01D1,0x01D8,,,,DIFF,2,encom75:7.5 KR
CM_MOTION,CM,0x0102,0x0109,0x0109,0x0109,0x0102,DIFF,2,encom75:7.5 KR|mobius77:7.5 EU|ag78:7.5 EU|ag58:5.4 EU
CM_MOVE,CM,0x011F,0x0106,0x0106,0x0106,0x010B,DIFF,3,encom75:7.5 KR|mobius77:7.5 EU|ag78:7.5 EU|ag58:5.4 EU
CM_MOVE_IN_AIR,CM,0x002C,0x0107,0x0107,0x0107,0x0108,DIFF,3,encom75:7.5 KR|mobius77:7.5 EU|ag78:7.5 EU|ag58:5.4 EU
CM_MOVE_ITEM,CM,0x0148,0x0163,0x0163,0x0163,0x0164,DIFF,3,encom75:7.5 KR|mobius77:7.5 EU|ag78:7.5 EU|ag58:5.4 EU
CM_MY_DOCUMENTATION,CM,,,0x01E4,0x01E4,0x01E9,DIFF,2,mobius77:7.5 EU TODO|ag78:7.5 EU TODO|ag58:5.6 TODO CM_MY_DOCUMENTATION
CM_MY_HISTORY,CM,0x01DD,0x01E4,,,,DIFF,2,encom75:7.5 KR
CM_NEVIWIND_CANYON,CM,,,0x01EC,0x01EC,0x01D0,DIFF,2,mobius77:7.5 EU TODO|ag78:7.5 EU TODO|ag58:5.6 TODO
CM_OBJECT_SEARCH,CM,0x00D6,0x00DD,0x00DD,0x00DD,0x00D6,DIFF,2,encom75:7.5 KR|mobius77:7.5 EU|ag78:7.5 EU|ag58:5.4 EU
CM_OPEN_STATICDOOR,CM,0x00D2,0x00D9,0x00D9,0x00D9,0x00D2,DIFF,2,encom75:7.5 KR|mobius77:7.7 EU|ag78:7.7 EU|ag58:5.3 EU
CM_PET,CM,0x00DD,0x00D8,0x00D8,0x00D8,0x00DD,DIFF,2,encom75:7.5 KR|mobius77:7.5 EU|ag78:7.5 EU|ag58:5.4 EU
CM_PET_EMOTE,CM,0x00DC,0x00DB,0x00DB,0x00DB,0x00DC,DIFF,2,encom75:7.5 KR|mobius77:7.5 EU|ag78:7.5 EU|ag58:5.4 EU
CM_PING,CM,0x02F2,0x02F2,0x02F2,0x02F2,0x02F7,DIFF,2,encom75:7.5 KR|mobius77:7.5 EU|ag78:7.5 EU|ag58:5.3 EU
CM_PING_REQUEST,CM,0x0123,0x013E,0x013E,0x013E,0x0123,DIFF,2,encom75:7.5 KR|mobius77:7.5 EU|ag78:7.5 EU|ag58:5.4 EU
CM_PLACE_BID,CM,0x01A5,0x01A0,0x01A0,0x01A0,0x01A5,DIFF,2,encom75:7.5 KR|mobius77:7.5 EU|ag78:7.5 EU|ag58:5.4 EU
CM_PLAYER_COLLECTION_REGISTER,CM,,,0x03F2,0x03F2,,FULL,1,mobius77:7.7 EU TODO|ag78:7.7 EU TODO
CM_PLAYER_LISTENER,CM,0xE200,0x02FE,0x02FE,0x02FE,0x00E3,DIFF,3,encom75:7.5 KR|mobius77:7.5 EU NOT SURE (TODO)|ag78:7.5 EU NOT SURE (TODO)|ag58:5.4 EU NOT SURE (TODO)
CM_PLAYER_SEARCH,CM,0x017B,0x0176,0x0176,0x0176,0x017B,DIFF,2,encom75:7.5 KR|mobius77:7.5 EU|ag78:7.5 EU|ag58:5.4 EU
CM_PLAYER_STATUS_INFO,CM,,,0x0137,0x0137,0x0138,DIFF,2,mobius77:7.5 EU (Mentor etc)|ag78:7.5 EU (Mentor etc)|ag58:5.4 EU (Mentor etc)
CM_PLAY_MOVIE_END,CM,0x011C,0x0127,0x0127,0x0127,0x0128,DIFF,3,encom75:7.5 KR|mobius77:7.5 EU|ag78:7.5 EU|ag58:5.4 EU
CM_PRIVATE_STORE,CM,,,0x0133,0x0133,0x0133,FULL,1,mobius77:5.4 EU removed?|ag78:5.4 EU removed?|ag58:5.4 EU
CM_PRIVATE_STORE_NAME,CM,,,0x0144,0x0144,0x0130,DIFF,2,mobius77:6.x EU removed?|ag78:6.x EU removed?|ag58:5.4 EU
CM_PURIFICATION_ITEM,CM,0x01B3,0x01CE,,,,DIFF,2,encom75:7.5 KR
CM_QUESTIONNAIRE,CM,0x015D,0x0164,0x0164,0x0164,0x0169,DIFF,3,encom75:7.5 KR|mobius77:7.5 EU|ag78:7.5 EU|ag58:5.4 EU
CM_QUESTION_RESPONSE,CM,0x02FD,0x0104,0x0104,0x0104,0x0109,DIFF,3,encom75:7.5 KR|mobius77:7.5 EU|ag78:7.5 EU|ag58:5.3 EU
CM_QUEST_SHARE,CM,0x0160,0x016B,0x016B,0x016B,0x016C,DIFF,3,encom75:7.5 KR|mobius77:7.5 EU|ag78:7.5 EU|ag58:5.4 EU
CM_QUIT,CM,0x00F2,0x00D5,0x00D5,0x00D5,0x00CE,DIFF,3,encom75:7.5 KR|mobius77:7.5 EU|ag78:7.5 EU|ag58:5.4 EU
CM_RANK_LIST,CM,,,0x01E7,0x01E7,,FULL,1,mobius77:7.5 EU TODO|ag78:7.5 EU TODO
CM_READ_EXPRESS_MAIL,CM,0x016E,0x0175,0x0175,0x0175,0x016E,DIFF,2,encom75:7.5 KR|mobius77:7.5 EU|ag78:7.5 EU|ag58:5.4 EU
CM_READ_MAIL,CM,0x0142,0x0149,0x0149,0x0149,0x0142,DIFF,2,encom75:7.5 KR|mobius77:7.5 EU|ag78:7.5 EU|ag58:5.4 EU
CM_RECIPE_DELETE,CM,,,0x0110,0x0110,0x0110,FULL,1,mobius77:7.5 EU|ag78:7.5 EU|ag58:5.3 EU
CM_RECONNECT_AUTH,CM,0x0173,0x018E,0x018E,0x018E,0x0173,DIFF,2,encom75:7.5 KR|mobius77:7.5 EU|ag78:7.5 EU|ag58:5.4
CM_REGISTER_BROKER_ITEM,CM,0x015B,0x0156,0x0156,0x0156,0x015B,DIFF,2,encom75:7.5 KR|mobius77:7.5 EU|ag78:7.5 EU|ag58:5.4 EU
CM_REGISTER_HOUSE,CM,0x01A7,0x01A2,0x01A7,0x01A7,0x01A7,DIFF,2,encom75:7.5 KR|mobius77:7.5 EU|ag78:7.5 EU|ag58:5.4 EU
CM_RELEASE_HOUSE_OBJECT,CM,0x01B9,0x01B4,,,,DIFF,2,encom75:7.5 KR
CM_RELEASE_OBJECT,CM,,,,0x018D,0x01B9,DIFF,2,ag78:7.2 EU|ag58:5.4 EU
CM_REMOVE_ALTERED_STATE,CM,0x00EE,0x00F5,0x00F5,0x00F5,0x00EE,DIFF,2,encom75:7.5 KR|mobius77:7.5 EU|ag78:7.5 EU|ag58:5.4 EU
CM_REMOVE_DYE,CM,,0x01DA,0x01DA,0x01DA,,FULL,1,encom75:7.5 KR|mobius77:7.5 EU TODO|ag78:7.5 EU TODO
CM_REPLACE_ITEM,CM,0x017E,0x017E,,,,FULL,1,
CM_REPORT_PLAYER,CM,0x019B,0x0196,0x0196,0x0196,0x019B,DIFF,2,mobius77:7.5 EU|ag78:7.5 EU|ag58:5.6 EU (Falke 1BD)
CM_RESTORE_CHARACTER,CM,0x0165,0x016C,0x016C,0x016C,0x0151,DIFF,3,encom75:7.5 KR|mobius77:7.5 EU|ag78:7.5 EU|ag58:5.4 EU
CM_REVIVE,CM,0x00C0,0x00CB,0x00CB,0x00CB,0x00CC,DIFF,3,encom75:7.5 KR|mobius77:7.5 EU|ag78:7.5 EU|ag58:5.4
CM_ROUND_TRIP,CM,,0x0136,,,,NA,1,encom75:7.5 KR
CM_SEASON_RANKING,CM,0x01DC,0x01E7,,,,DIFF,2,encom75:7.5 KR
CM_SECURITY_TOKEN,CM,0x01AD,,0x01A8,0x01A8,0x01AD,DIFF,2,mobius77:7.5 EU|ag78:7.5 EU|ag58:5.4 EU
CM_SELECTITEM_OK,CM,,,0x01B3,0x01B3,0x01B4,DIFF,2,mobius77:7.5 EU|ag78:7.5 EU|ag58:5.4 EU
CM_SELECT_ITEM,CM,0x01C8,0x01B3,,,,DIFF,2,encom75:7.5 KR
CM_SELL_BROKEN_ITEMS,CM,,,0x01DF,0x01DF,0x01C0,DIFF,2,mobius77:7.7 TODO|ag78:7.7 TODO|ag58:5.6 TODO
CM_SELL_TERMINATED_ITEMS,CM,0x01D4,0x01DF,,,,DIFF,2,encom75:7.5 KR
CM_SEND_MAIL,CM,0x0140,0x014B,0x014B,0x014B,0x014C,DIFF,3,encom75:7.5 KR|mobius77:7.5 EU|ag78:7.5 EU|ag58:5.4 EU
CM_SET_NOTE,CM,0x02F0,0x010C,0x010C,0x010C,0x02F1,DIFF,3,encom75:7.5 KR|mobius77:7.5 EU|ag78:7.5 EU|ag58:5.4 EU
CM_SHOW_BLOCKLIST,CM,0x017A,0x0161,0x0161,0x0161,0x017A,DIFF,2,encom75:7.5 KR|mobius77:7.5 EU|ag78:7.5 EU|ag58:5.4 // TODO
CM_SHOW_BRAND,CM,0x0171,0x0178,0x0178,0x0178,0x017D,DIFF,3,encom75:7.5 KR|mobius77:7.5 EU (Group Mark Target etc)|ag78:7.5 EU (Group Mark Target etc)|ag58:5.4 EU (Group Mark Target etc)
CM_SHOW_DIALOG,CM,0x0123,0x02FA,0x02FA,0x02FA,0x02FF,DIFF,3,encom75:7.5 KR|mobius77:7.5 EU|ag78:7.5 EU|ag58:5.4 EU
CM_SHOW_FRIENDLIST,CM,0x01A2,0x01A9,0x01A9,0x01A9,0x01A2,DIFF,2,encom75:7.5 KR|mobius77:7.5 EU|ag78:7.5 EU|ag58:5.4 EU
CM_SHOW_MAP,CM,,0x00E3,,,,NA,1,
CM_SHUGO_SWEEP,CM,0x01D6,0x01DD,,0x01D6,0x01D6,DIFF,2,encom75:7.5 KR|ag78:5.8 EU|ag58:5.8 EU
CM_SKILL_ANIMATION,CM,,,0x01D0,0x01D0,0x01D5,DIFF,2,mobius77:7.5 EU TODO|ag78:7.5 EU TODO|ag58:5.6 TODO
CM_SKILL_SKIN,CM,0x01E9,0x01D0,,,,DIFF,2,encom75:7.5 KR
CM_SPLIT_ITEM,CM,0x0179,0x0160,0x0160,0x0160,0x0165,DIFF,3,encom75:7.5 KR|mobius77:7.5 EU|ag78:7.5 EU|ag58:5.4 EU
CM_START_LOOT,CM,0x0166,0x016D,0x016D,0x016D,0x0166,DIFF,2,encom75:7.5 KR|mobius77:7.5 EU|ag78:7.5 EU|ag58:5.4 EU
CM_STIGMA,CM,0x01EE,,0x01F5,0x01F5,,DIFF,2,mobius77:7.5 EU TODO|ag78:7.5 EU TODO
CM_STONESPEAR_SIEGE,CM,,,0x00E4,0x00E4,0x00E4,FULL,1,mobius77:5.4 EU|ag78:5.4 EU|ag58:5.4 EU
CM_STOP_TRAINING,CM,0x0109,0x0119,0x0119,0x0119,0x02F5,DIFF,3,encom75:7.2 KR|mobius77:7.2 EU|ag78:7.2 EU|ag58:5.3
CM_SUBZONE_CHANGE,CM,,0x0162,,0x017D,0x017D,DIFF,2,ag78:5.0 NOT SURE|ag58:5.0 NOT SURE
CM_SUMMON_ATTACK,CM,0x0197,0x0192,0x0192,0x0192,0x0197,DIFF,2,encom75:7.5 KR|mobius77:7.5 EU|ag78:7.5 EU|ag58:5.4 EU
CM_SUMMON_CASTSPELL,CM,0x100A0009,0x0190,0x0190,0x0190,0x0195,DIFF,3,encom75:7.5 KR|mobius77:7.5 EU|ag78:7.5 EU|ag58:5.4 EU
CM_SUMMON_COMMAND,CM,0x0145,0x014C,0x014C,0x014C,0x0131,DIFF,3,encom75:7.5 KR|mobius77:7.5 EU|ag78:7.5 EU|ag58:5.4 EU
CM_SUMMON_EMOTION,CM,0x0196,0x019D,0x019D,0x019D,0x0196,DIFF,2,encom75:7.5 KR|mobius77:7.5 EU|ag78:7.5 EU|ag58:5.4 EU
CM_SUMMON_MOVE,CM,0x0195,0x019C,0x019C,0x019C,0x0181,DIFF,3,encom75:7.5 KR|mobius77:7.5 EU|ag78:7.5 EU|ag58:5.4 EU
CM_S_REP_WEB_SESSIONKEY,CM,,0x0100,,,,NA,1,encom75:7.5 KR
CM_TARGET_SELECT,CM,0x00CE,0x00E1,0x00E1,0x00E1,0x00FA,DIFF,3,encom75:7.5 KR|mobius77:7.5 EU|ag78:7.5 EU|ag58:5.4 EU
CM_TEAM_INVITE,CM,0x012D,0x0134,,,,DIFF,2,encom75:7.5 KR
CM_TELEPORT_BACK,CM,,,0x0121,0x0121,0x013B,DIFF,2,mobius77:7.5 EU TODO|ag78:7.5 EU TODO|ag58:5.4 TODO
CM_TELEPORT_DONE,CM,0x00EA,0x00D1,0x00D1,0x00D1,0x00EA,DIFF,2,encom75:7.5 KR|mobius77:7.5 EU|ag78:7.5 EU|ag58:5.4 EU
CM_TELEPORT_SELECT,CM,0x0150,0x015B,0x015B,0x015B,0x015C,DIFF,3,encom75:7.5 KR|mobius77:7.5 EU|ag78:7.5 EU|ag58:5.4 EU
CM_TIME_CHECK,CM,0x00E4,0x00E4,0x00E4,0x00E4,0x00E9,DIFF,2,encom75:7.5 KR|mobius77:7.5 EU|ag78:7.5 EU|ag58:5.4 EU
CM_TITLE_SET,CM,0x0157,0x0152,0x0152,0x0152,0x0157,DIFF,2,encom75:7.5 KR|mobius77:7.5 EU|ag78:7.5 EU|ag58:5.4 EU
CM_TOGGLE_SKILL_DEACTIVATE,CM,0x00ED,0x00F4,0x00F4,0x00F4,0x00F9,DIFF,3,encom75:7.5 KR|mobius77:7.5 EU (Rider Skill deactivate)|ag78:7.5 EU (Rider Skill deactivate)|ag58:5.4
CM_TRANSFORMATION,CM,,,0x01E3,0x01E3,,FULL,1,mobius77:7.5 EU TODO|ag78:7.5 EU TODO
CM_TRANSFORM_LIST,CM,0x01F8,0x01E3,,,,DIFF,2,encom75:7.5 KR
CM_TUNE,CM,0x01B7,0x01B2,0x01B2,0x01B2,0x01B7,DIFF,2,encom75:7.5 KR|mobius77:7.5 EU|ag78:7.5 EU|ag58:5.4
CM_TUNE_LUNA,CM,,0x01F6,,,,NA,1,encom75:7.5 KR
CM_TUNE_RESULT,CM,,,0x01CA,0x01CA,0x01CA,FULL,1,mobius77:7.5 EU|ag78:7.5 EU|ag58:5.6
CM_UI_SETTINGS,CM,0x00B5,0x00DC,0x00DC,0x00DC,0x00C1,DIFF,3,encom75:7.5 KR|mobius77:7.5 EU|ag78:7.5 EU|ag58:5.4 EU
CM_UNK_127,CM,,,,,0x0127,NA,1,ag58:5.3
CM_UNK_1DB,CM,,,0x01DB,0x01DB,0x01DB,FULL,1,mobius77:5.0 TODO|ag78:5.0 TODO|ag58:5.0 TODO
CM_UNK_1EA,CM,,,0x01EA,0x01EA,0x01EA,FULL,1,mobius77:5.3 EU|ag78:5.3 EU|ag58:5.3 EU
CM_UNK_1EB,CM,,,,,0x01E8,NA,1,ag58:5.3 TODO CM_RANK_LIST
CM_UNK_E3,CM,,,0x00E3,0x00E3,,FULL,1,mobius77:7.5 EU|ag78:7.5 EU
CM_UNPACK_ITEM,CM,,0x01B2,,,,NA,1,
CM_UPGRADE_ARCADE,CM,0x01B2,0x01B9,0x01B9,0x01B9,0x01B2,DIFF,2,encom75:7.5 KR|mobius77:7.5 EU|ag78:7.5 EU|ag58:5.4 EU
CM_USE_CHARGE_SKILL,CM,,,0x01B6,0x01B6,0x01B6,FULL,1,mobius77:7.5|ag78:7.5|ag58:5.4
CM_USE_HOUSE_OBJECT,CM,0x01B8,0x01AC,0x01AC,0x01AC,0x01B8,DIFF,2,encom75:7.5 KR|mobius77:7.5 EU|ag78:7.5 EU|ag58:5.4 EU
CM_USE_ITEM,CM,0x00D0,0x00EB,0x00EB,0x00EB,0x00EC,DIFF,3,encom75:7.5 KR|mobius77:7.5 EU|ag78:7.5 EU|ag58:5.4 EU
CM_USE_PACK_ITEM,CM,,,0x01C8,0x01C8,0x01C8,FULL,1,mobius77:5.4 EU|ag78:5.4 EU|ag58:5.4 EU
CM_VERSION_CHECK,CM,0x00D6,0x00D6,0x00D6,0x00D6,0x00DB,DIFF,2,encom75:7.5 KR|mobius77:7.5 EU|ag78:7.5 EU|ag58:5.4 EU
CM_VIEW_PLAYER_DETAILS,CM,0x0120,0x012B,0x012B,0x012B,0x012C,DIFF,3,encom75:7.5 KR|mobius77:7.5 EU|ag78:7.5 EU|ag58:5.4 EU
CM_WINDSTREAM,CM,0x0101,0x0108,0x0108,0x0108,0x010D,DIFF,3,encom75:7.5 KR|mobius77:7.5 EU|ag78:7.5 EU|ag58:5.3 EU
SM_0x125,SM,,0x0125,,,,NA,1,encom75:7.0 KR
SM_8C_UNK,SM,0x008C,,,,,NA,1,
SM_ABNORMAL_EFFECT,SM,0x0032,0x0032,0x0032,0x0032,0x0032,FULL,1,encom75:7.0 KR|mobius77:7.5 EU|ag78:7.5 EU
SM_ABNORMAL_STATE,SM,0x0031,0x0031,0x0031,0x0031,0x0031,FULL,1,encom75:7.0 KR|mobius77:7.5 EU|ag78:7.5 EU
SM_ABYSS_ARTIFACT_INFO,SM,0x00DC,0x0060,0x00DC,0x00DC,0x00DC,DIFF,2,encom75:7.0 KR|mobius77:7.5 EU|ag78:7.5 EU
SM_ABYSS_ARTIFACT_INFO3,SM,,0x00DC,,,,NA,1,encom75:7.0 KR
SM_ABYSS_FAVOR,SM,,0x0162,,,,NA,1,encom75:7.0 KR
SM_ABYSS_LANDING,SM,,,,,0x013D,NA,1,ag58:5.6 TODO
SM_ABYSS_LANDING_LEVEL,SM,,,,,0x013C,NA,1,ag58:5.6 TODO
SM_ABYSS_POINTS,SM,,0x0133,,,,NA,1,encom75:7.0 KR
SM_ABYSS_RANK,SM,0x00EE,0x00EF,0x00EF,0x00EF,0x00EF,DIFF,2,encom75:7.0 KR|mobius77:7.5 EU|ag78:7.5 EU|ag58:5.6
SM_ABYSS_RANKING_LEGIONS,SM,0x008B,0x008B,0x008B,0x008B,0x008B,FULL,1,encom75:7.0 KR|mobius77:7.5 EU|ag78:7.5 EU
SM_ABYSS_RANKING_PLAYERS,SM,0x008A,0x008A,0x008A,0x008A,0x008A,FULL,1,encom75:7.0 KR|mobius77:7.5 EU|ag78:7.5 EU
SM_ABYSS_RANK_POINTS,SM,,,0x0133,0x0133,,FULL,1,mobius77:7.5 EU TODO|ag78:7.5 EU TODO
SM_ABYSS_RANK_UPDATE,SM,0x0088,0x0088,0x0088,0x0088,0x0088,FULL,1,encom75:7.0 KR|mobius77:7.5 EU|ag78:7.5 EU
SM_ACCOUNT_ACCESS_PROPERTIES,SM,0x00F0,,0x00F0,0x00F0,0x00F0,FULL,1,mobius77:7.5 EU|ag78:7.5 EU|ag58:5.6
SM_ACCOUNT_PROPERTIES,SM,,0x00F0,,,,NA,1,encom75:7.0 KR
SM_ACCOUNT_TYPE,SM,0x014F,0x014F,,,,FULL,1,encom75:7.0 KR
SM_ACCOUNT_TYPE2,SM,,0x014E,,,,NA,1,encom75:7.0 KR
SM_ACHIEVEMENT_COMPLETE,SM,0x017D,,0x017D,0x017D,,FULL,1,mobius77:7.5 EU|ag78:7.5 EU
SM_ACHIEVEMENT_COMPLETE_EVENT,SM,,,,0x0181,,NA,1,ag78:7.5 EU
SM_ACHIEVEMENT_EVENT_LIST,SM,0x017E,0x017E,0x017E,0x017E,,FULL,1,encom75:7.0 KR|mobius77:7.5 EU|ag78:7.5 EU
SM_ACHIEVEMENT_LIST,SM,,0x017B,0x017B,0x017B,,FULL,1,encom75:7.0 KR|mobius77:7.5 EU|ag78:7.5 EU
SM_ACHIEVEMENT_UPDATE,SM,,0x017C,0x017C,0x017C,,FULL,1,encom75:7.0 KR|mobius77:7.5 EU|ag78:7.5 EU
SM_ACHIEVEMENT_UPDATE_EVENT,SM,,,,0x0180,,NA,1,ag78:7.5 EU
SM_AETHERFORGING_ANIMATION,SM,0x014C,0x014C,,,,FULL,1,encom75:7.0 KR
SM_AETHERFORGING_PLAYER,SM,0x014D,0x014D,,,,FULL,1,encom75:7.0 KR
SM_AFTER_TIME_CHECK,SM,0x0126,0x0126,0x0126,0x0126,0x0126,FULL,1,encom75:7.0 KR|mobius77:7.5 EU|ag78:7.5 EU|ag58:5.6
SM_AION_TV,SM,0x0146,0x0146,,,,FULL,1,encom75:7.0 KR
SM_ALLIANCE_INFO,SM,0x00F6,0x00F7,0x00F7,0x00F7,0x00F7,DIFF,2,encom75:7.0 KR|ag58:5.6
SM_ALLIANCE_MEMBER_INFO,SM,0x00F7,0x00F8,0x00F8,0x00F8,0x00F8,DIFF,2,encom75:7.0 KR|ag58:5.6
SM_ALLIANCE_READY_CHECK,SM,0x00FB,0x00FC,0x00FC,0x00FC,0x00FC,DIFF,2,encom75:7.0 KR|ag58:5.6
SM_ASCENSION_MORPH,SM,0x00B6,0x00B6,0x00B6,0x00B6,0x00B6,FULL,1,encom75:7.0 KR
SM_ATREIAN_PASSPORT,SM,0x012D,,0x012D,0x012D,0x012D,FULL,1,mobius77:7.5 EU TODO|ag78:7.5 EU TODO|ag58:5.6
SM_ATTACK,SM,0x0036,0x0036,0x0036,0x0036,0x0036,FULL,1,encom75:7.0 KR|mobius77:7.5 EU|ag78:7.5 EU
SM_ATTACK_STATUS,SM,0x0005,0x0005,0x0005,0x0005,0x0005,FULL,1,encom75:7.0 KR|mobius77:7.5 EU|ag78:7.5 EU
SM_ATTACK_STATUS_MESSAGE,SM,0x0073,,,,,NA,1,
SM_AUTO_GROUP,SM,0x007A,0x007A,0x007A,0x007A,0x007A,FULL,1,encom75:7.0 KR|mobius77:7.5 EU|ag78:7.5 EU
SM_BATTLEFIELD_UNION,SM,,,,0x0156,0x0156,FULL,1,ag78:5.6 TODO|ag58:5.6 TODO
SM_BATTLEFIELD_UNION_POINTS,SM,,,,0x0157,0x0157,FULL,1,ag78:5.6 TODO|ag58:5.6 TODO
SM_BATTLEFIELD_UNION_REGISTER,SM,,,,0x0154,0x0154,FULL,1,ag78:5.6 TODO|ag58:5.6 TODO
SM_BIND_POINT_INFO,SM,0x00EC,0x00EC,0x00EC,0x00EC,0x00EC,FULL,1,encom75:7.0 KR|mobius77:7.5 EU|ag78:7.5 EU
SM_BLACKCLOUD_TRADE,SM,0x015E,0x0160,,,,DIFF,2,encom75:7.0 KR
SM_BLACKCLOUD_WINDOW,SM,0x0160,,,,,NA,1,
SM_BLOCK_LIST,SM,0x00E1,0x00E1,0x00E1,0x00E1,0x00E1,FULL,1,encom75:7.0 KR|mobius77:7.5 EU|ag78:7.5 EU
SM_BLOCK_RESPONSE,SM,0x00DF,0x00E0,0x00DF,0x00DF,0x00DF,DIFF,2,encom75:7.0 KR
SM_BODYGUARD,SM,,,,,0x002F,NA,1,
SM_BODYGUARD_END,SM,,,0x0030,0x0030,0x0030,FULL,1,
SM_BOOST_EVENTS,SM,0x0148,0x0148,0x0148,0x0148,0x0148,FULL,1,encom75:7.0 KR|mobius77:7.5 EU TODO|ag78:7.5 EU TODO|ag58:5.6 TODO
SM_BROKER_REGISTERED_LIST,SM,,,0x00B1,0x00B1,,FULL,1,
SM_BROKER_SERVICE,SM,0x0092,0x0092,0x0092,0x0092,0x0092,FULL,1,encom75:7.0 KR
SM_BUTLER_SALUTE,SM,,0x00B2,,,,NA,1,encom75:7.0 KR
SM_CAPTCHA,SM,0x0057,0x0057,0x0057,0x0057,0x0057,FULL,1,encom75:7.0 KR
SM_CASH_BUFF,SM,0x00FD,0x00FD,,,,FULL,1,encom75:7.0 KR
SM_CASTSPELL,SM,0x0021,0x0021,0x0021,0x0021,0x0021,FULL,1,encom75:7.0 KR
SM_CASTSPELL_END,SM,0x002B,,,,,NA,1,
SM_CASTSPELL_RESULT,SM,,0x002B,0x002B,0x002B,0x002B,FULL,1,encom75:7.0 KR
SM_CHALLENGE_LIST,SM,0x0119,0x011A,0x011A,0x011A,0x011A,DIFF,2,encom75:7.0 KR|ag58:5.6
SM_CHANNEL_INFO,SM,0x00E6,0x00E6,0x00E6,0x00E6,0x00E6,FULL,1,encom75:7.0 KR
SM_CHARACTER_LIST,SM,0x00C8,0x00C8,0x00C8,0x00C8,0x00C8,FULL,1,encom75:7.0 KR|mobius77:7.5 EU|ag78:7.5 EU
SM_CHARACTER_SELECT,SM,0x00B1,0x00B1,0x00B1,0x00B1,0x00B1,FULL,1,"encom75:7.0 KR|mobius77:7.5 EU|ag78:7.5 EU|ag58:addPacketOpcode(SM_BROKER_REGISTERED_LIST.class, 0xB1, idSet);"
SM_CHAT_INIT,SM,0x00E7,0x00E7,0x00E7,0x00E7,0x00E7,FULL,1,encom75:7.0 KR
SM_CHAT_WINDOW,SM,0x0063,0x0063,0x0063,0x0063,0x0063,FULL,1,encom75:7.0 KR
SM_CHECK_MAIL_SIZE,SM,0x0095,,0x0095,0x0095,0x0095,FULL,1,ag58:5.4 TODO
SM_COMPLETE_ACHIEVEMENT,SM,,0x017D,,,,NA,1,encom75:7.0 KR
SM_CONDITION_VARIABLE,SM,,0x00EE,,,,NA,1,encom75:7.0 KR
SM_CONQUEROR_PROTECTOR,SM,0x0054,0x0054,0x0054,0x0054,0x0054,FULL,1,encom75:7.0 KR|mobius77:7.5 EU|ag78:7.5 EU
SM_CRAFT_ANIMATION,SM,0x00B4,0x00B4,0x00B4,0x00B4,0x00B4,FULL,1,encom75:7.0 KR
SM_CRAFT_UPDATE,SM,0x00B5,0x00B5,0x00B5,0x00B5,0x00B5,FULL,1,encom75:7.0 KR
SM_CREATE_CHARACTER,SM,0x00C9,0x00C9,0x00C9,0x00C9,0x00C9,FULL,1,encom75:7.0 KR|mobius77:7.5 EU|ag78:7.5 EU
SM_CREATIVITY_POINTS,SM,,,,,0x005D,NA,1,
SM_CREATIVITY_POINTS_APPLY,SM,,,,,0x005E,NA,1,ag58:-----------------LUNA SHOP PACKETS 5.1--------------------
SM_CUBE_UPDATE,SM,0x0082,0x0082,0x0082,0x0082,0x0082,FULL,1,encom75:7.0 KR
SM_CUBIC,SM,,,0x0176,0x0176,,FULL,1,mobius77:7.5 EU TODO|ag78:7.5 EU TODO
SM_CUBIC_INFO,SM,,,0x0175,0x0175,,FULL,1,mobius77:7.5 EU TODO|ag78:7.5 EU TODO
SM_CUSTOM_SETTINGS,SM,0x00B8,0x00B8,0x00B8,0x00B8,0x00B8,FULL,1,encom75:7.0 KR
SM_DAEVANION_SKILL_COMBINE,SM,,0x017A,,,,NA,1,encom75:7.0 KR
SM_DAEVANION_SKILL_ENCHANT,SM,,0x0179,0x0179,0x0179,,FULL,1,encom75:7.0 KR|mobius77:7.5 EU TODO|ag78:7.5 EU TODO
SM_DAEVANION_SKILL_FUSION,SM,,,0x017A,0x017A,,FULL,1,mobius77:7.5 EU TODO|ag78:7.5 EU TODO
SM_DAEVA_MEMBERSHIP,SM,0x0172,0x0172,,,,FULL,1,encom75:7.2 KR
SM_DELETE,SM,0x0016,0x0016,0x0016,0x0016,0x0016,FULL,1,encom75:7.0 KR|mobius77:7.5 EU|ag78:7.5 EU
SM_DELETE_CHARACTER,SM,0x00CA,0x00CA,0x00CA,0x00CA,0x00CA,FULL,1,encom75:7.0 KR|mobius77:7.5 EU|ag78:7.5 EU
SM_DELETE_HOUSE,SM,0x0111,0x0112,0x0112,0x0112,0x0112,DIFF,2,encom75:7.0 KR|ag58:5.6
SM_DELETE_HOUSE_NPC,SM,0x010E,,,,,NA,1,
SM_DELETE_HOUSE_OBJECT,SM,,0x010F,0x010F,0x010F,0x010F,FULL,1,encom75:7.0 KR|ag58:5.6
SM_DELETE_ITEM,SM,0x001C,0x001C,0x001C,0x001C,0x001C,FULL,1,encom75:7.0 KR|mobius77:7.5 EU|ag78:7.5 EU
SM_DELETE_WAREHOUSE_ITEM,SM,0x00AA,0x00AA,0x00AA,0x00AA,0x00AA,FULL,1,encom75:7.0 KR
SM_DIALOG_WINDOW,SM,0x003C,0x003C,0x003C,0x003C,0x003C,FULL,1,encom75:7.0 KR
SM_DIE,SM,0x00C1,0x00C1,0x00C1,0x00C1,0x00C1,FULL,1,encom75:7.0 KR
SM_DISPUTE_LAND,SM,0x011C,0x011D,0x011D,0x011D,0x011D,DIFF,2,"encom75:7.0 KR|mobius77:addPacketOpcode(SM_HOUSE_TELEPORT.class, 0xDD, idSet);|ag78:addPacketOpcode(SM_HOUSE_TELEPORT.class, 0xDD, idSet);|ag58:5.6"
SM_DP_INFO,SM,0x0007,0x0007,0x0007,0x0007,0x0007,FULL,1,encom75:7.0 KR
SM_DUEL,SM,,0x00B9,0x00B9,0x00B9,0x00B9,FULL,1,encom75:7.0 KR
SM_DUEL_REQUEST_CANCEL,SM,,,,,0x0035,NA,1,
SM_EMOTION,SM,0x0025,0x0025,0x0025,0x0025,0x0025,FULL,1,encom75:7.0 KR|mobius77:7.5 EU|ag78:7.5 EU
SM_EMOTION_LIST,SM,0x004F,0x004F,0x004F,0x004F,0x004F,FULL,1,encom75:7.0 KR|mobius77:7.5 EU|ag78:7.5 EU
SM_EMOTION_NPC,SM,,0x00C6,,,,NA,1,encom75:7.0 KR
SM_EMOTION_SWITCH,SM,0x00C6,,0x00C6,0x00C6,0x00C6,FULL,1,mobius77:7.5 EU|ag78:7.5 EU
SM_ENTER_WORLD_CHECK,SM,0x000D,0x000D,0x000D,0x000D,0x000D,FULL,1,encom75:7.0 KR|mobius77:7.5 EU|ag78:7.5 EU
SM_EQUIPMENT_SETTING,SM,,0x0167,0x0167,0x0167,0x0165,DIFF,2,encom75:7.0 KR|mobius77:7.5 EU TODO|ag78:7.5 EU TODO|ag58:5.6 TODO
SM_ESTIMA_BUFF,SM,,0x0060,,,,NA,1,encom75:7.0 KR
SM_EVENT_BUFF,SM,,,0x011C,0x011C,0x011C,FULL,1,ag58:5.8
SM_EVENT_WINDOW,SM,0x013E,0x013E,0x013E,0x013E,0x013E,FULL,1,encom75:7.0 KR|mobius77:7.5 EU|ag78:7.5 EU|ag58:5.8 TODO
SM_EVENT_WINDOW_ITEMS,SM,0x0154,0x0154,0x0154,0x0154,0x0154,FULL,1,encom75:7.0 KR|mobius77:7.5 EU|ag78:7.5 EU|ag58:5.8 TODO
SM_EVERGALE_CANYON,SM,0x016B,0x016B,,,,FULL,1,encom75:7.0 KR
SM_EXCHANGE_ADD_ITEM,SM,0x004B,0x004B,0x004B,0x004B,0x004B,FULL,1,encom75:7.0 KR
SM_EXCHANGE_ADD_KINAH,SM,0x004D,0x004D,0x004D,0x004D,0x004D,FULL,1,encom75:7.0 KR
SM_EXCHANGE_CONFIRMATION,SM,0x004E,0x004E,0x004E,0x004E,0x004E,FULL,1,encom75:7.0 KR
SM_EXCHANGE_REQUEST,SM,0x004A,0x004A,0x004A,0x004A,0x004A,FULL,1,encom75:7.0 KR
SM_FAST_TRACK,SM,,,0x0096,0x0096,0x0096,FULL,1,mobius77:7.5 EU|ag78:7.5 EU
SM_FAST_TRACK_MOVE,SM,,,0x0107,0x0107,0x0107,FULL,1,mobius77:-----------------LUNA SHOP PACKETS 5.1--------------------|ag78:-----------------LUNA SHOP PACKETS 5.1--------------------|ag58:5.6
SM_FATIGUE,SM,0x00B3,,0x00B3,0x00B3,0x00B3,FULL,1,mobius77:7.5 EU|ag78:7.5 EU
SM_FIND_GROUP,SM,0x00A6,0x00A6,0x00A6,0x00A6,0x00A6,FULL,1,encom75:7.0 KR
SM_FLAG_INFO,SM,0x0151,0x0152,0x0152,0x0152,0x0152,DIFF,2,encom75:7.0 KR|mobius77:7.5 EU|ag78:7.5 EU|ag58:5.6
SM_FLAG_UPDATE,SM,0x0152,0x0153,0x0153,0x0153,,DIFF,2,encom75:7.0 KR
SM_FLY_TIME,SM,0x00F5,0x00F6,0x00F6,0x00F6,0x00F6,DIFF,2,encom75:7.0 KR|mobius77:7.5 EU|ag78:7.5 EU|ag58:5.6
SM_FORCED_MOVE,SM,0x00C3,0x00C3,0x00C3,0x00C3,0x00C3,FULL,1,encom75:7.0 KR
SM_FORTRESS_INFO,SM,0x00F4,0x00F4,0x00F5,0x00F5,0x00F5,DIFF,2,encom75:7.0 KR|ag58:5.6
SM_FORTRESS_STATUS,SM,0x0056,0x0056,0x0056,0x0056,0x0056,FULL,1,encom75:7.0 KR|mobius77:7.5 EU|ag78:7.5 EU
SM_FRIEND_LIST,SM,0x0084,0x0084,0x0084,0x0084,0x0084,FULL,1,encom75:7.0 KR|mobius77:7.5 EU|ag78:7.5 EU
SM_FRIEND_NOTIFY,SM,0x00E2,0x00E2,0x00E2,0x00E2,0x00E2,FULL,1,encom75:7.0 KR
SM_FRIEND_RESPONSE,SM,0x00DE,0x00DF,0x00DB,0x00DB,,DIFF,3,encom75:7.0 KR|mobius77:TODO Temp added DB|ag78:TODO Temp added DB
SM_FRIEND_STATUS,SM,0x00E4,0x00E4,0x00E4,0x00E4,0x00E4,FULL,1,encom75:7.0 KR
SM_FRIEND_UPDATE,SM,0x00F1,0x00F1,0x00F2,0x00F2,0x00F2,DIFF,2,encom75:7.0 KR|ag58:5.6
SM_GAMEGUARD,SM,,,0x0129,0x0129,0x0128,DIFF,2,ag58:5.6
SM_GAME_TIME,SM,0x0026,0x0026,0x0026,0x0026,0x0026,FULL,1,encom75:7.0 KR|mobius77:7.5 EU|ag78:7.5 EU
SM_GATHERABLE_INFO,SM,0x0011,0x0011,0x0011,0x0011,0x0011,FULL,1,encom75:7.0 KR|mobius77:7.5 EU|ag78:7.5 EU
SM_GATHER_STATUS,SM,0x0022,0x0022,0x0022,0x0022,0x0022,FULL,1,encom75:7.0 KR|mobius77:7.5 EU|ag78:7.5 EU
SM_GATHER_UPDATE,SM,0x0023,0x0023,0x0023,0x0023,0x0023,FULL,1,encom75:7.0 KR|mobius77:7.5 EU|ag78:7.5 EU
SM_GF_WEBSHOP_TOKEN,SM,,,0x0098,0x0098,,FULL,1,mobius77:7.5 EU|ag78:7.5 EU
SM_GM_SPY,SM,,0x0098,,,,NA,1,"encom75:addPacketOpcode(SM_QUNA_COUNT.class, 0x172, idSet); //7.0 KR"
SM_GODSTONE_DESTROY,SM,0x012F,0x012E,0x012E,0x012E,0x012E,DIFF,2,encom75:7.0 KR|mobius77:5.6|ag78:5.6|ag58:5.6
SM_GROUP_DATA_EXCHANGE,SM,0x00B2,0x00B3,0x00B2,0x00B2,0x00B2,DIFF,2,encom75:7.0 KR
SM_GROUP_INFO,SM,0x005A,0x005A,0x005A,0x005A,0x005A,FULL,1,encom75:7.0 KR
SM_GROUP_LOOT,SM,0x0087,0x0087,0x0087,0x0087,0x0087,FULL,1,encom75:7.0 KR
SM_GROUP_MEMBER_INFO,SM,0x005B,0x005B,0x005B,0x005B,0x005B,FULL,1,encom75:7.0 KR
SM_HEADING_UPDATE,SM,0x0039,0x0039,0x0039,0x0039,0x0039,FULL,1,encom75:7.0 KR|mobius77:TODO! not used|ag78:TODO! not used|ag58:TODO! not used
SM_HOTSPOT_TELEPORT,SM,0x012A,0x012A,0x012A,0x012A,0x012A,FULL,1,encom75:7.0 KR|mobius77:7.5 EU|ag78:7.5 EU|ag58:5.6
SM_HOT_SPECTATE,SM,0x00DB,0x00DB,,,,FULL,1,encom75:7.0 KR
SM_HOUSE_ACQUIRE,SM,0x0114,0x0115,0x0115,0x0115,0x0115,DIFF,2,encom75:7.0 KR|ag58:5.6
SM_HOUSE_BIDS,SM,0x0102,0x0102,0x0102,0x0102,0x0102,FULL,1,encom75:7.0 KR|ag58:5.6
SM_HOUSE_EDIT,SM,0x0052,0x0052,0x0052,0x0052,0x0052,FULL,1,encom75:7.0 KR
SM_HOUSE_OBJECT,SM,0x010D,0x010E,0x010E,0x010E,0x010E,DIFF,2,encom75:7.0 KR|ag58:5.6
SM_HOUSE_OBJECTS,SM,0x010F,0x0110,0x0110,0x0110,0x0110,DIFF,2,encom75:7.0 KR|ag58:5.6
SM_HOUSE_OWNER_INFO,SM,0x0108,0x0109,0x0109,0x0109,0x0109,DIFF,2,encom75:7.0 KR|mobius77:7.5 EU|ag78:7.5 EU|ag58:5.6
SM_HOUSE_PAY_RENT,SM,0x0107,0x0108,0x0108,0x0108,0x0108,DIFF,2,encom75:7.0 KR|mobius77:5.6|ag78:5.6|ag58:5.6
SM_HOUSE_REGISTRY,SM,0x0074,0x0074,0x0074,0x0074,0x0074,FULL,1,encom75:7.0 KR
SM_HOUSE_RENDER,SM,0x0110,0x0111,0x0111,0x0111,0x0111,DIFF,2,encom75:7.0 KR|ag58:5.6
SM_HOUSE_SCRIPTS,SM,0x0083,0x0083,0x0083,0x0083,0x0083,FULL,1,encom75:7.0 KR
SM_HOUSE_TELEPORT,SM,0x00DD,0x00DD,,,0x00DD,FULL,1,encom75:7.0 KR
SM_HOUSE_UPDATE,SM,0x003D,0x003D,0x003D,0x003D,0x003D,FULL,1,encom75:7.0 KR
SM_ICON_INFO,SM,0x00AF,0x00AF,0x00AF,0x00AF,0x00AF,FULL,1,"encom75:7.0 KR|mobius77:addPacketOpcode(SM_MEGAPHONE.class, 0x11F, idSet);|ag78:addPacketOpcode(SM_MEGAPHONE.class, 0x11F, idSet);"
SM_INFLUENCE_RATIO,SM,0x0055,0x0055,0x0055,0x0055,0x0055,FULL,1,encom75:7.0 KR|mobius77:7.5 EU|ag78:7.5 EU
SM_INSTANCE_COUNT_INFO,SM,0x0093,0x0093,0x0093,0x0093,0x0093,FULL,1,encom75:7.0 KR
SM_INSTANCE_INFO,SM,0x008D,0x008D,0x008D,0x008D,0x008D,FULL,1,encom75:7.0 KR|mobius77:7.5 EU|ag78:7.5 EU
SM_INSTANCE_SCORE,SM,,0x0079,0x0079,0x0079,0x0079,FULL,1,"encom75:7.0 KR|mobius77:addPacketOpcode(SM_RIFT_STATUS.class, 0x8C, idSet);|ag78:addPacketOpcode(SM_RIFT_STATUS.class, 0x8C, idSet);|ag58:addPacketOpcode(SM_RIFT_STATUS.class, 0x8C, idSet);"
SM_INSTANCE_STAGE_INFO,SM,,0x008C,,,0x008C,FULL,1,encom75:7.0 KR
SM_INVENTORY_ADD_ITEM,SM,0x001B,0x001B,0x001B,0x001B,0x001B,FULL,1,encom75:7.0 KR
SM_INVENTORY_INFO,SM,0x001A,0x001A,0x001A,0x001A,0x001A,FULL,1,encom75:7.0 KR|mobius77:7.5 EU|ag78:7.5 EU
SM_INVENTORY_UPDATE_ITEM,SM,0x001D,0x001D,0x001D,0x001D,0x001D,FULL,1,encom75:7.0 KR|mobius77:7.5 EU|ag78:7.5 EU
SM_IN_GAME_SHOP_CATEGORY_LIST,SM,0x00AC,,,,,NA,1,
SM_IN_GAME_SHOP_ITEM,SM,0x00AE,,,,,NA,1,
SM_ITEM_COOLDOWN,SM,0x0067,0x0067,0x0067,0x0067,0x0067,FULL,1,encom75:7.0 KR|mobius77:7.5 EU|ag78:7.5 EU
SM_ITEM_USAGE_ANIMATION,SM,0x00B7,0x00B7,0x00B7,0x00B7,0x00B7,FULL,1,encom75:7.0 KR
SM_KEY,SM,0x0048,0x0048,0x0048,0x0048,0x0048,FULL,1,encom75:7.0 KR|mobius77:7.5 EU|ag78:7.5 EU
SM_KISK_UPDATE,SM,0x0090,0x0090,0x0090,0x0090,0x0090,FULL,1,encom75:7.0 KR
SM_L2AUTH_LOGIN_CHECK,SM,0x00C7,0x00C7,0x00C7,0x00C7,0x00C7,FULL,1,encom75:7.0 KR|mobius77:7.5 EU|ag78:7.5 EU
SM_LEARN_RECIPE,SM,0x00F2,0x00F2,0x00F3,0x00F3,0x00F3,DIFF,2,encom75:7.0 KR|ag58:5.6
SM_LEAVE_GROUP_MEMBER,SM,0x00F8,0x00F9,0x00F9,0x00F9,0x00F9,DIFF,2,encom75:7.0 KR|ag58:5.6
SM_LEGION_ADD_MEMBER,SM,0x006F,0x006F,0x006F,0x006F,0x006F,FULL,1,encom75:7.0 KR|mobius77:7.5 EU|ag78:7.5 EU
SM_LEGION_ANSWER_JOIN_REQUEST,SM,,,0x013A,0x013A,0x0141,DIFF,2,mobius77:7.5 EU TODO|ag78:7.5 EU TODO
SM_LEGION_EDIT,SM,0x009E,0x009E,0x009E,0x009E,0x009E,FULL,1,"encom75:7.0 KR|mobius77:addPacketOpcode(SM_TOLL_INFO.class, 0x9F, idSet); // ingameshop|ag78:addPacketOpcode(SM_TOLL_INFO.class, 0x9F, idSet); // ingameshop"
SM_LEGION_INFO,SM,0x006E,0x006E,0x006E,0x006E,0x006E,FULL,1,encom75:7.0 KR|mobius77:7.5 EU|ag78:7.5 EU
SM_LEGION_JOIN_REQUEST_FROM_PLAYER,SM,,,0x0138,0x0138,0x0138,FULL,1,
SM_LEGION_JOIN_REQUEST_LIST,SM,,,0x0138,0x0138,0x0138,FULL,1,mobius77:7.5 EU|ag78:7.5 EU|ag58:5.6
SM_LEGION_JOIN_SETTING,SM,,,,,0x013E,NA,1,ag58:TODO
SM_LEGION_LEAVE_MEMBER,SM,0x0070,0x0070,0x0070,0x0070,0x0070,FULL,1,encom75:7.0 KR
SM_LEGION_MEMBERLIST,SM,0x009D,0x009D,0x009D,0x009D,0x009D,FULL,1,encom75:7.0 KR|mobius77:7.5 EU|ag78:7.5 EU
SM_LEGION_REQUEST,SM,0x0139,0x013A,,,,DIFF,2,encom75:7.0 KR
SM_LEGION_REQUEST_INFO,SM,0x0136,0x0137,,,,DIFF,2,encom75:7.0 KR
SM_LEGION_REQUEST_LIST,SM,0x013D,0x0138,,,,DIFF,2,encom75:7.0 KR
SM_LEGION_REQUEST_PLAYER,SM,0x0138,0x0139,,,,DIFF,2,encom75:7.0 KR
SM_LEGION_SEARCH,SM,0x0137,0x0135,0x0135,0x0135,0x0135,DIFF,2,encom75:7.0 KR|ag58:5.6
SM_LEGION_SEND_EMBLEM,SM,0x00D5,0x00D5,0x00D5,0x00D5,0x00D5,FULL,1,encom75:7.0 KR
SM_LEGION_SEND_EMBLEM_DATA,SM,0x00D6,0x00D6,0x00D6,0x00D6,0x00D6,FULL,1,encom75:7.0 KR
SM_LEGION_TABS,SM,0x000C,0x000C,0x000C,0x000C,0x000C,FULL,1,encom75:7.0 KR
SM_LEGION_UPDATE_EMBLEM,SM,0x00D7,0x00D7,0x00D7,0x00D7,0x00D7,FULL,1,encom75:7.0 KR
SM_LEGION_UPDATE_MEMBER,SM,0x0071,0x0071,0x0071,0x0071,0x0071,FULL,1,encom75:7.0 KR|mobius77:7.5 EU|ag78:7.5 EU
SM_LEGION_UPDATE_NICKNAME,SM,0x000B,0x000B,0x000B,0x000B,0x000B,FULL,1,encom75:7.0 KR
SM_LEGION_UPDATE_SELF_INTRO,SM,0x0077,0x0077,0x0077,0x0077,0x0077,FULL,1,encom75:7.0 KR
SM_LEGION_UPDATE_TITLE,SM,0x0072,0x0072,0x0072,0x0072,0x0072,FULL,1,encom75:7.0 KR
SM_LEVEL_UPDATE,SM,0x0046,0x0046,0x0046,0x0046,0x0046,FULL,1,encom75:7.0 KR
SM_LOGIN_EVENT,SM,,0x012D,,,,NA,1,encom75:7.0 KR
SM_LOGIN_QUEUE,SM,0x0017,0x0017,0x0017,0x0017,0x0017,FULL,1,encom75:7.0 KR
SM_LOOKATOBJECT,SM,0x0028,0x0028,0x0028,0x0028,0x0028,FULL,1,encom75:7.0 KR
SM_LOOT_ITEMLIST,SM,0x00CE,0x00CE,0x00CE,0x00CE,0x00CE,FULL,1,encom75:7.0 KR|mobius77:7.5 EU|ag78:7.5 EU
SM_LOOT_STATUS,SM,0x00CD,0x00CD,0x00CD,0x00CD,0x00CD,FULL,1,encom75:7.0 KR|mobius77:7.5 EU|ag78:7.5 EU
SM_LUMIEL_TRANSFORM,SM,,,0x018A,0x018A,,FULL,1,mobius77:7.7 EU|ag78:7.7 EU
SM_LUMIEL_TRANSFORM_EXP,SM,,0x018C,0x018C,0x018C,,FULL,1,encom75:7.7|mobius77:7.7 EU|ag78:7.7 EU
SM_LUMIEL_TRANSFORM_REWARD,SM,,0x018D,0x018D,0x018D,,FULL,1,encom75:7.7|mobius77:7.7 EU|ag78:7.7 EU
SM_LUMIEL_TRANSFORM_REWARD_LIST,SM,,0x018B,0x018B,0x018B,,FULL,1,encom75:7.7|mobius77:7.7 EU|ag78:7.7 EU
SM_LUMIEL_TRASFORM,SM,,0x018A,,,,NA,1,encom75:7.7
SM_LUNA_BUFF,SM,0x0173,,,,,NA,1,
SM_LUNA_IDENTIFICATION,SM,,,0x0177,0x0177,,FULL,1,mobius77:7.5 EU|ag78:7.5 EU
SM_LUNA_INSTANCE_BUFF,SM,,,0x0173,0x0173,,FULL,1,mobius77:7.5 EU|ag78:7.5 EU
SM_LUNA_SHOP,SM,0x0147,0x014A,,,,DIFF,2,encom75:7.0 KR
SM_LUNA_SHOP_LIST,SM,0x0149,0x0149,,,,FULL,1,encom75:7.0 KR
SM_LUNA_SYSTEM,SM,,,0x014A,0x014A,0x014A,FULL,1,ag58:5.6
SM_LUNA_SYSTEM_INFO,SM,,,0x0149,0x0149,0x0149,FULL,1,mobius77:7.5 EU|ag78:7.5 EU|ag58:5.6
SM_MACRO_LIST,SM,0x00E8,0x00E8,0x00E8,0x00E8,0x00E8,FULL,1,encom75:7.0 KR|mobius77:7.5 EU|ag78:7.5 EU
SM_MACRO_RESULT,SM,0x00E9,0x00E9,0x00E9,0x00E9,0x00E9,FULL,1,encom75:7.0 KR|mobius77:7.5 EU|ag78:7.5 EU
SM_MAC_ADDRESS,SM,,,0x0168,0x0168,0x0166,DIFF,2,mobius77:7.5 EU|ag78:7.5 EU|ag58:5.6 TODO
SM_MAC_INFO,SM,0x0168,0x0168,,,,FULL,1,encom75:7.0 KR
SM_MAGIC_CRAFT,SM,,,0x014C,0x014C,0x014C,FULL,1,mobius77:7.5 EU TODO|ag78:7.5 EU TODO|ag58:5.6 TODO
SM_MAGIC_CRAFT_ANIMATION,SM,,,0x014D,0x014D,0x014D,FULL,1,mobius77:7.5 EU TODO|ag78:7.5 EU TODO|ag58:5.6 TODO
SM_MAGIC_MORPH_RESULT,SM,,,,,0x014E,NA,1,ag58:5.6 TODO
SM_MAGIC_MORPH_WINDOW,SM,,,,,0x015D,NA,1,ag58:5.6 TODO
SM_MAIL_SERVICE,SM,0x00A1,0x00A1,0x00A1,0x00A1,0x00A1,FULL,1,encom75:7.0 KR|mobius77:7.5 EU|ag78:7.5 EU
SM_MANTRA_EFFECT,SM,0x00D0,0x00D0,0x00D0,0x00D0,0x00D0,FULL,1,encom75:7.0 KR
SM_MARK_FRIENDLIST,SM,0x0118,0x0119,0x0119,0x0119,0x0119,DIFF,2,encom75:7.0 KR|ag58:5.6
SM_MAY_LOGIN_INTO_GAME,SM,0x0089,0x0089,0x0089,0x0089,0x0089,FULL,1,encom75:7.0 KR|mobius77:7.5 EU|ag78:7.5 EU
SM_MEGAPHONE,SM,,,,,0x011F,NA,1,ag58:5.8
SM_MEGAPHONE_MESSAGE,SM,0x011F,0x011F,,,,FULL,1,encom75:7.0 KR
SM_MESSAGE,SM,0x0018,0x0018,0x0018,0x0018,0x0018,FULL,1,encom75:7.0 KR
SM_MINION,SM,,0x016C,,,,NA,1,encom75:7.0 KR
SM_MINIONS,SM,0x016C,,0x016C,0x016C,0x016A,DIFF,2,mobius77:7.5 EU|ag78:7.5 EU|ag58:5.6 TODO
SM_MONSTERBOOK,SM,,,,,0x015C,NA,1,ag58:5.6 TODO
SM_MONSTERBOOK_LIST,SM,,,,,0x015B,NA,1,ag58:5.6 TODO
SM_MONSTER_CORE,SM,0x0176,,,,,NA,1,
SM_MONSTER_CORE_ADD,SM,,0x0176,,,,NA,1,encom75:7.0 KR
SM_MONSTER_CORE_LIST,SM,0x0175,0x0175,,,,FULL,1,encom75:7.0 KR
SM_MOTION,SM,0x0094,0x0094,0x0094,0x0094,0x0094,FULL,1,encom75:7.0 KR|mobius77:7.5 EU|ag78:7.5 EU
SM_MOVE,SM,0x0037,0x0037,0x0037,0x0037,0x0037,FULL,1,encom75:7.0 KR|mobius77:7.5 EU|ag78:7.5 EU
SM_MY_DOCUMENTATION,SM,,,0x015A,0x015A,0x015A,FULL,1,mobius77:7.5 EU TODO|ag78:7.5 EU TODO|ag58:5.6 TODO
SM_MY_HISTORY,SM,0x015A,0x015A,,,,FULL,1,encom75:7.0 KR
SM_NEARBY_QUESTS,SM,0x007F,0x007F,0x007F,0x007F,0x007F,FULL,1,encom75:7.0 KR
SM_NEVIWIND_CANYON,SM,,,0x016B,0x016B,0x0169,DIFF,2,mobius77:7.5 TODO|ag78:7.5 TODO|ag58:5.6 TODO
SM_NICKNAME_CHECK_RESPONSE,SM,0x00EA,0x00EA,0x00EA,0x00EA,0x00EA,FULL,1,encom75:7.0 KR
SM_NPC_ASSEMBLER,SM,0x000A,0x000A,0x000A,0x000A,0x000A,FULL,1,encom75:7.0 KR
SM_NPC_INFO,SM,0x000E,0x000E,0x000E,0x000E,0x000E,FULL,1,encom75:7.0 KR|mobius77:7.5 EU|ag78:7.5 EU
SM_OBJECT_USE_UPDATE,SM,0x0109,0x010A,0x010A,0x010A,0x010A,DIFF,2,encom75:7.0 KR|ag58:5.6
SM_PACKAGE_INFO_NOTIFY,SM,0x010C,0x010C,0x010C,0x010C,0x010C,FULL,1,encom75:7.0 KR|mobius77:7.5 EU|ag78:7.5 EU|ag58:5.6
SM_PET,SM,0x0065,0x0065,0x0065,0x0065,0x0065,FULL,1,encom75:7.0 KR|mobius77:7.5 EU|ag78:7.5 EU
SM_PETITION,SM,0x169000,0x00EF,0x0170,0x0170,0x0170,DIFF,3,encom75:7.0 KR To Do|ag58:5.6 TODO
SM_PET_EMOTE,SM,0x00BB,0x00BB,0x00BB,0x00BB,0x00BB,FULL,1,encom75:7.0 KR
SM_PING_RESPONSE,SM,0x0080,0x0080,0x0080,0x0080,0x0080,FULL,1,encom75:7.0 KR
SM_PLASTIC_SURGERY,SM,0x0053,0x0053,0x0053,0x0053,0x0053,FULL,1,encom75:7.0 KR
SM_PLAYER_COLLECTION,SM,,0x018E,0x018E,0x018E,,FULL,1,encom75:7.7|mobius77:7.7 EU|ag78:7.7 EU
SM_PLAYER_COLLECTION_COMPLETE,SM,,0x0192,0x0192,0x0192,,FULL,1,encom75:7.7|mobius77:7.7 EU|ag78:7.7 EU
SM_PLAYER_COLLECTION_FINISH,SM,,0x018F,0x018F,0x018F,,FULL,1,encom75:7.7|mobius77:7.7 EU|ag78:7.7 EU
SM_PLAYER_COLLECTION_PROGRESS,SM,,0x0191,0x0191,0x0191,,FULL,1,encom75:7.7|mobius77:7.7 EU|ag78:7.7 EU
SM_PLAYER_COLLECTION_REGISTER,SM,,0x0193,0x0193,0x0193,,FULL,1,encom75:7.7|mobius77:7.7 EU|ag78:7.7 EU
SM_PLAYER_COLLECTION_UNK,SM,,0x0190,0x0190,0x0190,,FULL,1,encom75:7.7|mobius77:7.7 EU|ag78:7.7 EU
SM_PLAYER_FAME,SM,,0x0186,0x0186,0x0186,,FULL,1,encom75:7.5 KR|mobius77:7.5 EU|ag78:7.5 EU
SM_PLAYER_INFO,SM,0x0020,0x0020,0x0020,0x0020,0x0020,FULL,1,encom75:7.0 KR|mobius77:7.5 EU|ag78:7.5 EU
SM_PLAYER_LEGION_JOIN_REQUEST_INFO,SM,,,0x0137,0x0137,0x0137,FULL,1,mobius77:7.5 EU|ag78:7.5 EU|ag58:5.6
SM_PLAYER_MOVE,SM,0x0015,0x0015,0x0015,0x0015,0x0015,FULL,1,encom75:7.0 KR
SM_PLAYER_PROTECTION,SM,0x0100,0x0100,0x0100,0x0100,0x0100,FULL,1,encom75:7.0 KR|mobius77:7.5 EU|ag78:7.5 EU|ag58:5.6
SM_PLAYER_REGION,SM,0x00D9,0x00D9,0x00D9,0x00D9,0x00D9,FULL,1,encom75:7.0 KR
SM_PLAYER_SEARCH,SM,0x00D3,0x00D3,0x00D3,0x00D3,0x00D3,FULL,1,encom75:7.0 KR
SM_PLAYER_SPAWN,SM,0x000F,0x000F,0x000F,0x000F,0x000F,FULL,1,encom75:7.0 KR|mobius77:7.5 EU|ag78:7.5 EU
SM_PLAYER_STANCE,SM,0x001F,0x001F,0x001F,0x001F,0x001F,FULL,1,encom75:7.0 KR
SM_PLAYER_STATE,SM,0x0044,0x0044,0x0044,0x0044,0x0044,FULL,1,encom75:7.0 KR|mobius77:7.5 EU|ag78:7.5 EU
SM_PLAY_MOVIE,SM,0x0069,0x0069,0x0069,0x0069,0x0069,FULL,1,encom75:7.0 KR|mobius77:7.5 EU|ag78:7.5 EU|ag58:5.0
SM_PONG,SM,0x008E,0x008E,0x008E,0x008E,0x008E,FULL,1,encom75:7.0 KR|mobius77:7.5 EU|ag78:7.5 EU
SM_PRICES,SM,0x00FE,0x00FE,0x00FE,0x00FE,0x00FE,FULL,1,encom75:7.0 KR|mobius77:7.5 EU|ag78:7.5 EU|ag58:5.6
SM_PRIVATE_STORE,SM,,,0x0086,0x0086,0x0086,FULL,1,
SM_PRIVATE_STORE_NAME,SM,,,0x0091,0x0091,0x0091,FULL,1,
SM_QUESTIONNAIRE,SM,0x00BF,0x00BF,0x00BF,0x00BF,0x00BF,FULL,1,encom75:7.0 KR
SM_QUESTION_WINDOW,SM,0x0034,0x0034,0x0034,0x0034,0x0034,FULL,1,"encom75:7.0 KR|mobius77:addPacketOpcode(SM_DUEL_REQUEST_CANCEL.class, 0x35, idSet);|ag78:addPacketOpcode(SM_DUEL_REQUEST_CANCEL.class, 0x35, idSet);"
SM_QUEST_ACTION,SM,0x007C,0x007C,0x007C,0x007C,0x007C,FULL,1,encom75:7.0 KR|mobius77:7.5 EU|ag78:7.5 EU
SM_QUEST_COMPLETED_LIST,SM,0x007B,0x007B,0x007B,0x007B,0x007B,FULL,1,encom75:7.0 KR|mobius77:7.5 EU|ag78:7.5 EU
SM_QUEST_LIST,SM,0x0047,0x0047,0x0047,0x0047,0x0047,FULL,1,encom75:7.0 KR|mobius77:7.5 EU|ag78:7.5 EU
SM_QUEST_REPEAT,SM,0x0123,,0x0124,0x0124,0x0124,DIFF,2,mobius77:7.5 EU|ag78:7.5 EU|ag58:5.6
SM_QUIT_RESPONSE,SM,0x0062,0x0062,0x0062,0x0062,0x0062,FULL,1,encom75:7.0 KR|mobius77:7.5 EU|ag78:7.5 EU
SM_QUNA_INSTANCE_BUFF,SM,,0x0173,,,,NA,1,encom75:7.0 KR
SM_RANK_LIST,SM,,,0x0159,0x0159,,FULL,1,mobius77:7.5 EU TODO|ag78:7.5 EU TODO
SM_RECEIVE_BIDS,SM,0x0104,0x0103,0x0104,0x0104,0x0104,DIFF,2,encom75:7.0 KR|ag58:5.6
SM_RECIPE_DELETE,SM,0x00F3,0x00F3,0x00F4,0x00F4,0x00F4,DIFF,2,encom75:7.0 KR|ag58:5.6
SM_RECIPE_LIST,SM,0x00CF,0x00CF,0x00CF,0x00CF,0x00CF,FULL,1,encom75:7.0 KR|mobius77:7.5 EU|ag78:7.5 EU
SM_RECONNECT_KEY,SM,0x0101,0x0101,0x0101,0x0101,0x0101,FULL,1,"encom75:7.0 KR|mobius77:addPacketOpcode(SM_INSTANCE_STAGE_INFO.class, 0x8C, idSet);|ag78:addPacketOpcode(SM_INSTANCE_STAGE_INFO.class, 0x8C, idSet);|ag58:5.6"
SM_REGION_INFO,SM,0x00D8,,0x00D8,0x00D8,0x00D8,FULL,1,
SM_REMOVE_DYE,SM,,0x01DF,0x01DF,0x01DF,,FULL,1,encom75:7.0 KR|mobius77:6.x TODO|ag78:6.x TODO
SM_RENAME,SM,0x0058,0x0058,0x0058,0x0058,0x0058,FULL,1,encom75:7.0 KR
SM_REPURCHASE,SM,0x00A7,0x00A7,0x00A7,0x00A7,0x00A7,FULL,1,encom75:7.0 KR
SM_RESTORE_CHARACTER,SM,0x00CB,0x00CB,0x00CB,0x00CB,0x00CB,FULL,1,encom75:7.0 KR|mobius77:7.5 EU|ag78:7.5 EU
SM_RESURRECT,SM,0x00C2,0x00C2,0x00C2,0x00C2,0x00C2,FULL,1,encom75:7.0 KR
SM_RIDE_ROBOT,SM,,,0x005C,0x005C,0x005C,FULL,1,
SM_RIFT_ANNOUNCE,SM,0x00ED,0x00ED,0x00ED,0x00ED,0x00ED,FULL,1,encom75:7.0 KR|mobius77:7.5 EU|ag78:7.5 EU
SM_ROUND_TRIP,SM,,0x00DE,,,,NA,1,encom75:7.0 KR
SM_RUNES,SM,,,0x0188,0x0188,,FULL,1,mobius77:7.5 EU TODO|ag78:7.5 EU TODO
SM_RUNES_FUSION,SM,,,0x0187,0x0187,,FULL,1,mobius77:7.5 EU TODO|ag78:7.5 EU TODO
SM_SEARCH_LEGION,SM,0x0134,,,,,NA,1,
SM_SEASON_RANKING,SM,0x0159,0x0159,,,,FULL,1,encom75:7.0 KR
SM_SECURITY_TOKEN,SM,0x0113,,0x0114,0x0114,0x0114,DIFF,2,ag58:5.6
SM_SELECT_ITEM,SM,,0x011E,,,,NA,1,encom75:7.0 KR
SM_SELECT_ITEM_ADD,SM,0x0120,0x0120,0x0120,0x0120,0x0120,FULL,1,encom75:7.0 KR|ag58:5.6
SM_SELECT_ITEM_LIST,SM,0x011D,,0x011E,0x011E,0x011E,DIFF,2,ag58:5.6
SM_SELL_ITEM,SM,0x003E,0x003E,0x003E,0x003E,0x003E,FULL,1,encom75:7.0 KR
SM_SERVER_IDS,SM,0x0115,,0x0116,0x0116,0x0116,DIFF,2,mobius77:7.5 EU|ag78:7.5 EU|ag58:5.6
SM_SERVER_SERIAL_CHECK,SM,,0x0129,,,,NA,1,encom75:7.0 KR
SM_SHIELD_EFFECT,SM,0x00DA,0x00DA,0x00DA,0x00DA,0x00DA,FULL,1,"encom75:7.0 KR|mobius77:7.5 EU|ag78:7.5 EU|ag58:addPacketOpcode(SM_FRIEND_RESPONSE.class, 0xDB, idSet); // TODO Temp added DB"
SM_SHOW_BRAND,SM,0x00FA,0x00FB,0x00FB,0x00FB,0x00FB,DIFF,2,encom75:7.0 KR|ag58:5.6
SM_SHOW_NPC_ON_MAP,SM,0x0059,0x0059,0x0059,0x0059,0x0059,FULL,1,encom75:7.0 KR
SM_SHUGO_SWEEP,SM,,0x014B,0x014B,0x014B,0x014B,FULL,1,encom75:7.0 KR|mobius77:7.5 EU|ag78:7.5 EU|ag58:5.8 EU
SM_SIEGE_LOCATION_INFO,SM,0x00D1,0x00D1,0x00D1,0x00D1,0x00D1,FULL,1,encom75:7.0 KR|mobius77:7.5 EU|ag78:7.5 EU
SM_SIEGE_LOCATION_STATE,SM,,0x00D2,0x00D2,0x00D2,0x00D2,FULL,1,encom75:7.0 KR
SM_SILVER_STAR,SM,,,0x0164,0x0164,,FULL,1,mobius77:7.5 EU TODO Lodas Silver Star|ag78:7.5 EU TODO Lodas Silver Star
SM_SKILL_ACTIVATION,SM,0x002E,0x002E,0x002E,0x002E,0x002E,FULL,1,"encom75:7.0 KR|mobius77:addPacketOpcode(SM_BODYGUARD.class, 0x2F, idSet);|ag78:addPacketOpcode(SM_BODYGUARD.class, 0x2F, idSet);"
SM_SKILL_ANIMATION,SM,0x0150,,0x0150,0x0150,0x0150,FULL,1,mobius77:7.5 EU|ag78:7.5 EU|ag58:5.6 TODO
SM_SKILL_CANCEL,SM,0x002A,0x002A,0x002A,0x002A,0x002A,FULL,1,encom75:7.0 KR
SM_SKILL_COOLDOWN,SM,0x0033,0x0033,0x0033,0x0033,0x0033,FULL,1,encom75:7.0 KR
SM_SKILL_LIST,SM,0x002C,0x002C,0x002C,0x002C,0x002C,FULL,1,encom75:7.0 KR|mobius77:7.5 EU|ag78:7.5 EU
SM_SKILL_REMOVE,SM,0x002D,0x002D,0x002D,0x002D,0x002D,FULL,1,encom75:7.0 KR|mobius77:7.5 EU|ag78:7.5 EU
SM_SKILL_SKIN,SM,,0x0150,,,,NA,1,encom75:7.0 KR
SM_SPLIT_ITEM,SM,,,0x00EB,0x00EB,0x00EB,FULL,1,ag58:5.4 TODO
SM_STATS_INFO,SM,0x0001,0x0001,0x0001,0x0001,0x0001,FULL,1,encom75:7.0 KR|mobius77:7.5 EU|ag78:7.5 EU
SM_STATUPDATE_DP,SM,0x0006,0x0006,0x0006,0x0006,0x0006,FULL,1,encom75:7.0 KR|mobius77:7.5 EU|ag78:7.5 EU
SM_STATUPDATE_EXP,SM,0x0008,0x0008,0x0008,0x0008,0x0008,FULL,1,encom75:7.0 KR
SM_STATUPDATE_HP,SM,0x0003,0x0003,0x0003,0x0003,0x0003,FULL,1,encom75:7.0 KR|mobius77:7.5 EU|ag78:7.5 EU
SM_STATUPDATE_MP,SM,0x0004,0x0004,0x0004,0x0004,0x0004,FULL,1,encom75:7.0 KR|mobius77:7.5 EU|ag78:7.5 EU
SM_STONESPEAR_SIEGE,SM,,,0x0130,0x0130,0x0130,FULL,1,"mobius77:addPacketOpcode(SM_LEGION_JOIN_SETTING.class, 0x13E, idSet); // 7.5 EU TODO|ag78:addPacketOpcode(SM_LEGION_JOIN_SETTING.class, 0x13E, idSet); // 7.5 EU TODO|ag58:5.6 TODO"
SM_STRONGHOLDS,SM,,0x0182,,,,NA,1,encom75:7.2 KR
SM_SUMMON_OWNER_REMOVE,SM,0x009A,0x009A,0x009A,0x009A,0x009A,FULL,1,encom75:7.0 KR
SM_SUMMON_PANEL,SM,0x0099,0x0099,0x0099,0x0099,0x0099,FULL,1,encom75:7.0 KR|mobius77:7.5 EU|ag78:7.5 EU
SM_SUMMON_PANEL_REMOVE,SM,0x0049,0x0049,0x0049,0x0049,0x0049,FULL,1,encom75:7.0 KR|mobius77:7.5 EU|ag78:7.5 EU
SM_SUMMON_UPDATE,SM,0x009B,0x009B,0x009B,0x009B,0x009B,FULL,1,encom75:7.0 KR|mobius77:7.5 EU|ag78:7.5 EU
SM_SUMMON_USESKILL,SM,0x00A2,0x00A2,0x00A2,0x00A2,0x00A2,FULL,1,encom75:7.0 KR|mobius77:7.5 EU|ag78:7.5 EU
SM_SYSTEM_MESSAGE,SM,0x0019,0x0019,0x0019,0x0019,0x0019,FULL,1,encom75:7.0 KR|mobius77:7.5 EU|ag78:7.5 EU
SM_TARGET_IMMOBILIZE,SM,0x00CC,0x00CC,0x00CC,0x00CC,0x00CC,FULL,1,encom75:7.0 KR
SM_TARGET_SELECTED,SM,0x0029,0x0029,0x0029,0x0029,0x0029,FULL,1,encom75:7.0 KR|mobius77:7.5 EU|ag78:7.5 EU
SM_TARGET_UPDATE,SM,0x0051,0x0051,0x0051,0x0051,0x0051,FULL,1,encom75:7.0 KR
SM_TELEPORT_BACK,SM,,,0x00DE,0x00DE,0x00DE,FULL,1,
SM_TELEPORT_LOC,SM,0x0014,0x0014,0x0014,0x0014,0x0014,FULL,1,encom75:7.0 KR
SM_TELEPORT_MAP,SM,0x00C4,0x00C4,0x00C4,0x00C4,0x00C4,FULL,1,encom75:7.0 KR
SM_TERRITORY_LIST,SM,,,0x0131,0x0131,0x0131,FULL,1,mobius77:7.5 EU|ag78:7.5 EU|ag58:5.6
SM_TEST,SM,,0x0177,,,,NA,1,encom75:7.0 KR
SM_TIME_CHECK,SM,0x0027,0x0027,0x0027,0x0027,0x0027,FULL,1,encom75:7.0 KR|mobius77:7.5 EU|ag78:7.5 EU
SM_TITLE_INFO,SM,0x00B0,0x00B0,0x00B0,0x00B0,0x00B0,FULL,1,encom75:7.0 KR|mobius77:7.5 EU|ag78:7.5 EU
SM_TOLL_INFO,SM,0x009F,0x009F,,,0x009F,FULL,1,encom75:7.0 KR|ag58:ingameshop
SM_TOWER_OF_CHALLENGE,SM,,,0x00EE,0x00EE,0x00EE,FULL,1,mobius77:7.5 EU|ag78:7.5 EU|ag58:5.6
SM_TOWNS_LIST,SM,0x00E3,0x00E3,0x00E3,0x00E3,0x00E3,FULL,1,encom75:7.0 KR|mobius77:7.5 EU|ag78:7.5 EU
SM_TRADELIST,SM,0x00FF,0x00FF,0x00FF,0x00FF,0x00FF,FULL,1,encom75:7.0 KR|mobius77:7.5 EU|ag78:7.5 EU|ag58:5.6
SM_TRADE_IN_LIST,SM,0x0097,0x0097,0x0097,0x0097,0x0097,FULL,1,"encom75:7.0 KR|mobius77:addPacketOpcode(SM_BROKER_REGISTRATION_SERVICE.class, 0x93, idSet);|ag78:addPacketOpcode(SM_BROKER_REGISTRATION_SERVICE.class, 0x93, idSet);|ag58:addPacketOpcode(SM_BROKER_REGISTRATION_SERVICE.class, 0x93, idSet);"
SM_TRANSFORM,SM,0x003A,0x003A,0x003A,0x003A,0x003A,FULL,1,encom75:7.0 KR|mobius77:7.5 EU|ag78:7.5 EU
SM_TRANSFORMATION,SM,,,0x0170,0x0170,,FULL,1,mobius77:7.5 EU|ag78:7.5 EU
SM_TRANSFORM_IN_SUMMON,SM,0x009C,0x009C,0x009C,0x009C,0x009C,FULL,1,encom75:7.0 KR
SM_TRANSFORM_LIST,SM,0x0170,0x0170,,,,FULL,1,encom75:7.0 KR
SM_TRANSFORM_LIST_2,SM,0x0171,,,,,NA,1,
SM_TUNE_RESULT,SM,0x120F,0x0122,0x0122,0x0122,0x0122,DIFF,2,encom75:7.0 KR|ag58:5.6 TODO
SM_UI_SETTINGS,SM,0x001E,0x001E,0x001E,0x001E,0x001E,FULL,1,encom75:7.0 KR|mobius77:7.5 EU|ag78:7.5 EU
SM_UNK_106,SM,,0x0106,0x0106,0x0106,0x0106,FULL,1,encom75:7.0 KR|mobius77:7.5 EU|ag78:7.5 EU
SM_UNK_117,SM,,,0x0118,0x0118,0x0118,FULL,1,mobius77:7.5 EU TODO Kisk: Stigmameister|ag78:7.5 EU TODO Kisk: Stigmameister|ag58:5.6 TODO Kisk: Stigmameister
SM_UNK_125,SM,0x0125,,,,,NA,1,
SM_UNK_127,SM,,,0x0127,0x0127,0x0127,FULL,1,mobius77:7.5 EU|ag78:7.5 EU
SM_UNK_12B,SM,,,0x012B,0x012B,0x012B,FULL,1,mobius77:7.5 EU TODO|ag78:7.5 EU TODO|ag58:5.6 TODO
SM_UNK_131,SM,,0x0131,,,,NA,1,encom75:7.0 KR //stonespire
SM_UNK_133,SM,,,,,0x0133,NA,1,ag58:TODO
SM_UNK_135,SM,,,,0x0136,0x0136,FULL,1,ag78:TODO After SM_Monsterbook|ag58:TODO After SM_Monsterbook
SM_UNK_13B,SM,,,0x013B,0x013B,0x013B,FULL,1,mobius77:5.1 TODO|ag78:5.1 TODO|ag58:5.1 TODO
SM_UNK_14F,SM,,,0x014F,0x014F,0x014F,FULL,1,mobius77:7.5 EU TODO|ag78:7.5 EU TODO|ag58:5.6 TODO
SM_UNK_158,SM,,,,,0x0159,NA,1,ag58:5.3 TODO SM_RANK_LIST
SM_UNK_15D,SM,,,,,0x0162,NA,1,ag58:5.6 TODO Lodas Silver Star
SM_UNK_15E,SM,,,0x015E,0x015E,0x015E,FULL,1,mobius77:5.4 TODO|ag78:5.4 TODO|ag58:5.4 TODO
SM_UNK_165,SM,,,0x0165,0x0165,,FULL,1,mobius77:7.5 EU TODO after/before Title_Info|ag78:7.5 EU TODO after/before Title_Info
SM_UNK_168,SM,,,,,0x0168,NA,1,ag58:5.6 TODO
SM_UNK_16A,SM,,,0x016A,0x016A,,FULL,1,mobius77:7.5 EU TODO|ag78:7.5 EU TODO
SM_UNK_60,SM,,,0x0060,0x0060,0x0060,FULL,1,mobius77:7.5 EU|ag78:7.5 EU
SM_UNK_7D,SM,,0x007D,,,,NA,1,encom75:7.0 KR //gameguard
SM_UNK_7E,SM,,0x007E,0x007E,0x007E,0x007E,FULL,1,encom75:7.0 KR //landing level|mobius77:TODO|ag78:TODO|ag58:TODO
SM_UNK_98,SM,,,,,0x0098,NA,1,ag58:TODO
SM_UNK_A5,SM,,0x00A5,0x00A5,0x00A5,0x00A5,FULL,1,encom75:7.0 KR|mobius77:7.5 EU|ag78:7.5 EU
SM_UNK_BD,SM,,,0x00BD,0x00BD,0x00BD,FULL,1,mobius77:7.5 EU|ag78:7.5 EU
SM_UNK_EMOTION,SM,,,0x011C,0x011C,,FULL,1,mobius77:7.5 EU TODO after/before Emotion|ag78:7.5 EU TODO after/before Emotion
SM_UNK_FD,SM,,,0x00FD,0x00FD,0x00FD,FULL,1,mobius77:7.5 EU|ag78:7.5 EU
SM_UPDATE_NOTE,SM,0x0068,0x0068,0x0068,0x0068,0x0068,FULL,1,encom75:7.0 KR
SM_UPDATE_PLAYER_APPEARANCE,SM,0x0024,0x0024,0x0024,0x0024,0x0024,FULL,1,encom75:7.0 KR|mobius77:7.5 EU|ag78:7.5 EU
SM_UPGRADE_ARCADE,SM,0x012B,0x012C,0x012C,0x012C,0x012C,DIFF,2,encom75:7.0 KR|ag58:5.6
SM_USE_OBJECT,SM,0x00C5,0x00C5,0x00C5,0x00C5,0x00C5,FULL,1,encom75:7.0 KR
SM_USE_ROBOT,SM,0x005C,0x005C,,,,FULL,1,encom75:7.0 KR
SM_VERSION,SM,0x0166,0x016A,,,,DIFF,2,encom75:7.0 KR
SM_VERSION_CHECK,SM,0x0000,0x0000,0x0000,0x0000,0x0000,FULL,1,encom75:7.0 KR|mobius77:7.5 EU|ag78:7.5 EU
SM_VIEW_PLAYER_DETAILS,SM,0x0041,0x0041,0x0041,0x0041,0x0041,FULL,1,encom75:7.0 KR
SM_WAREHOUSE_ADD_ITEM,SM,0x00A9,0x00A9,0x00A9,0x00A9,0x00A9,FULL,1,encom75:7.0 KR
SM_WAREHOUSE_INFO,SM,0x00A8,0x00A8,0x00A8,0x00A8,0x00A8,FULL,1,encom75:7.0 KR|mobius77:7.5 EU|ag78:7.5 EU
SM_WAREHOUSE_UPDATE_ITEM,SM,0x00AB,0x00AB,0x00AB,0x00AB,0x00AB,FULL,1,encom75:7.0 KR
SM_WEATHER,SM,0x0043,0x0043,0x0043,0x0043,0x0043,FULL,1,encom75:7.0 KR
SM_WINDSTREAM,SM,0x00A3,0x00A3,0x00A3,0x00A3,0x00A3,FULL,1,encom75:7.0 KR
SM_WINDSTREAM_ANNOUNCE,SM,0x00A4,0x00A4,0x00A4,0x00A4,0x00A4,FULL,1,encom75:7.0 KR|mobius77:7.5 EU|ag78:7.5 EU
SM_WORLD_PLAYTIME,SM,,0x0185,0x0185,0x0185,,FULL,1,encom75:7.2 KR|mobius77:7.5 EU|ag78:7.5 EU
SM_YOUTUBE_VIDEO,SM,,,0x0146,0x0146,0x0146,FULL,1,mobius77:----------------------DEAVANION SKILL-------------------------|ag78:----------------------DEAVANION SKILL-------------------------|ag58:--------------------UNKNOWN PACKETS-----------------------
_________SM_GAMEGUARD,?,0x0127,,,,,NA,1,
________________CM_SUBZONE_CHANGE,?,0x17D00,,,,,NA,1,
________________CM_TELEPORT_BACK,?,0x013B,,,,,NA,1,
________________CM_TUNE_RESULT,?,0x1B500,,,,,NA,1,
________________CM_UNK_127,?,0x0127,,,,,NA,1,
________________SM_BODYGARD,?,0x002F,,,,,NA,1,
________________SM_BODYGARD_END,?,0x0030,,,,,NA,1,
________________SM_DUEL,?,0x00B9,,,,,NA,1,
________________SM_DUEL_REQUEST_CANCEL,?,0x0035,,,,,NA,1,
________________SM_EVENT_BUFF,?,0x011A,,,,,NA,1,
________________SM_SIEGE_LOCATION_STATE,?,0x00D2,,,,,NA,1,
________________SM_SPLIT_ITEM,?,0x00EB,,,,,NA,1,
________________SM_UNK_105,?,0x0105,,,,,NA,1,
________________SM_UNK_117,?,0x0117,,,,,NA,1,
________________SM_UNK_121,?,0x0121,,,,,NA,1,
________________SM_UNK_135,?,0x0135,,,,,NA,1,
________________SM_UNK_144,?,0x0144,,,,,NA,1,
________________SM_UNK_14E,?,0x014E,,,,,NA,1,
________________SM_UNK_161,?,0x0161,,,,,NA,1,
________________SM_UNK_7E,?,0x007E,,,,,NA,1,
________________SM_UNK_98,?,0x0098,,,,,NA,1,
________________SM_UNK_A5,?,0x00A5,,,,,NA,1,
________________SM_UNK_BD,?,0x00BD,,,,,NA,1,
___________________SM_INSTANCE_SCORE,?,0x0079,,,,,NA,1,
